# hostname;interval;timestamp;DEV;tps;rd_sec/s;wr_sec/s;avgrq-sz;avgqu-sz;await;svctm;%util
ip-10-234-134-85.us-west-1.compute.internal;60;1440717457;xvda;5.48;48.93;242.90;53.22;0.01;2.42;0.30;0.16
ip-10-234-134-85.us-west-1.compute.internal;60;1440717457;xvdb;640.32;57003.73;103761.92;251.07;7.91;12.35;0.36;22.90
ip-10-234-134-85.us-west-1.compute.internal;60;1440717457;xvdc;641.65;57016.80;103770.80;250.58;7.07;11.02;0.33;20.96
ip-10-234-134-85.us-west-1.compute.internal;60;1440717457;xvdd;640.65;56958.93;103793.38;250.92;8.02;12.54;0.34;22.05
ip-10-234-134-85.us-west-1.compute.internal;60;1440717457;xvde;640.28;57005.73;103759.03;251.08;7.83;12.24;0.35;22.47
ip-10-234-134-85.us-west-1.compute.internal;60;1440717457;md0;2537.37;227985.20;415085.13;253.44;0.00;0.00;0.00;0.00
ip-10-234-134-85.us-west-1.compute.internal;60;1440717517;xvda;4.63;0.00;500.28;107.97;0.01;1.62;0.69;0.32
ip-10-234-134-85.us-west-1.compute.internal;60;1440717517;xvdb;963.58;68467.73;174457.78;252.11;16.68;17.31;0.35;33.25
ip-10-234-134-85.us-west-1.compute.internal;60;1440717517;xvdc;964.00;68467.20;174496.02;252.04;15.40;15.97;0.32;30.76
ip-10-234-134-85.us-west-1.compute.internal;60;1440717517;xvdd;963.15;68460.80;174455.47;252.21;17.56;18.25;0.33;32.23
ip-10-234-134-85.us-west-1.compute.internal;60;1440717517;xvde;963.70;68471.47;174491.07;252.11;16.18;16.79;0.34;32.30
ip-10-234-134-85.us-west-1.compute.internal;60;1440717517;md0;3823.93;273888.53;697900.33;254.13;0.00;0.00;0.00;0.00
ip-10-234-134-85.us-west-1.compute.internal;60;1440717577;xvda;0.97;4.13;18.58;23.50;0.00;1.09;0.19;0.02
ip-10-234-134-85.us-west-1.compute.internal;60;1440717577;xvdb;880.68;56205.60;165720.15;251.99;17.90;20.33;0.35;30.61
ip-10-234-134-85.us-west-1.compute.internal;60;1440717577;xvdc;880.23;56212.80;165694.82;252.10;15.71;17.84;0.32;28.17
ip-10-234-134-85.us-west-1.compute.internal;60;1440717577;xvdd;879.38;56205.07;165614.57;252.24;15.18;17.28;0.33;28.66
ip-10-234-134-85.us-west-1.compute.internal;60;1440717577;xvde;880.18;56209.07;165673.87;252.09;16.49;18.74;0.33;29.33
ip-10-234-134-85.us-west-1.compute.internal;60;1440717577;md0;3491.50;224836.80;662703.40;254.20;0.00;0.00;0.00;0.00
ip-10-234-134-85.us-west-1.compute.internal;60;1440717637;xvda;0.68;0.00;12.88;18.85;0.00;0.83;0.20;0.01
ip-10-234-134-85.us-west-1.compute.internal;60;1440717637;xvdb;785.55;57497.60;140001.22;251.41;14.13;17.99;0.35;27.56
ip-10-234-134-85.us-west-1.compute.internal;60;1440717637;xvdc;785.07;57497.60;139945.62;251.50;12.52;15.95;0.32;25.36
ip-10-234-134-85.us-west-1.compute.internal;60;1440717637;xvdd;784.73;57497.60;139985.87;251.66;13.19;16.83;0.33;25.96
ip-10-234-134-85.us-west-1.compute.internal;60;1440717637;xvde;784.95;57497.60;139997.73;251.60;13.58;17.30;0.34;26.62
ip-10-234-134-85.us-west-1.compute.internal;60;1440717637;md0;3110.20;229964.80;559930.43;253.97;0.00;0.00;0.00;0.00
ip-10-234-134-85.us-west-1.compute.internal;60;1440717697;xvda;4.80;342.53;13.03;74.08;0.01;1.17;0.49;0.24
ip-10-234-134-85.us-west-1.compute.internal;60;1440717697;xvdb;912.13;37725.87;193270.55;253.25;20.54;22.52;0.33;29.87
ip-10-234-134-85.us-west-1.compute.internal;60;1440717697;xvdc;912.28;37702.67;193287.73;253.20;20.67;22.66;0.31;28.53
ip-10-234-134-85.us-west-1.compute.internal;60;1440717697;xvdd;912.57;37708.80;193388.80;253.24;18.77;20.58;0.31;28.48
ip-10-234-134-85.us-west-1.compute.internal;60;1440717697;xvde;912.82;37717.33;193326.80;253.11;25.49;27.92;0.33;29.91
ip-10-234-134-85.us-west-1.compute.internal;60;1440717697;md0;3626.35;150854.67;773273.88;254.84;0.00;0.00;0.00;0.00
ip-10-234-134-85.us-west-1.compute.internal;60;1440717757;xvda;4.83;465.73;24.60;101.45;0.01;1.23;0.62;0.30
ip-10-234-134-85.us-west-1.compute.internal;60;1440717757;xvdb;668.48;31505.07;136429.95;251.22;11.80;17.66;0.34;22.76
ip-10-234-134-85.us-west-1.compute.internal;60;1440717757;xvdc;668.87;31505.07;136423.60;251.06;10.87;16.25;0.31;20.99
ip-10-234-134-85.us-west-1.compute.internal;60;1440717757;xvdd;668.32;31505.07;136403.27;251.24;12.46;18.66;0.32;21.58
ip-10-234-134-85.us-west-1.compute.internal;60;1440717757;xvde;668.77;31505.07;136442.27;251.13;11.34;16.96;0.33;21.87
ip-10-234-134-85.us-west-1.compute.internal;60;1440717757;md0;2640.77;126020.27;545699.08;254.37;0.00;0.00;0.00;0.00
ip-10-234-134-85.us-west-1.compute.internal;60;1440717817;xvda;3.15;0.00;357.92;113.62;0.00;1.56;0.74;0.23
ip-10-234-134-85.us-west-1.compute.internal;60;1440717817;xvdb;587.00;32401.07;114671.32;250.55;9.31;15.86;0.35;20.39
ip-10-234-134-85.us-west-1.compute.internal;60;1440717817;xvdc;587.35;32409.60;114681.07;250.43;8.55;14.56;0.32;18.64
ip-10-234-134-85.us-west-1.compute.internal;60;1440717817;xvdd;586.53;32409.87;114685.77;250.79;9.28;15.84;0.33;19.26
ip-10-234-134-85.us-west-1.compute.internal;60;1440717817;xvde;587.40;32418.13;114675.87;250.42;9.00;15.32;0.33;19.64
ip-10-234-134-85.us-west-1.compute.internal;60;1440717817;md0;2313.20;129706.93;458714.02;254.38;0.00;0.00;0.00;0.00
ip-10-234-134-85.us-west-1.compute.internal;60;1440717877;xvda;2.58;0.00;280.05;108.43;0.00;1.36;0.77;0.20
ip-10-234-134-85.us-west-1.compute.internal;60;1440717877;xvdb;531.89;32933.18;99539.41;249.06;6.75;12.69;0.36;19.17
ip-10-234-134-85.us-west-1.compute.internal;60;1440717877;xvdc;532.24;32933.18;99520.00;248.86;6.04;11.34;0.32;17.22
ip-10-234-134-85.us-west-1.compute.internal;60;1440717877;xvdd;531.86;32933.18;99610.61;249.21;6.57;12.39;0.33;17.54
ip-10-234-134-85.us-west-1.compute.internal;60;1440717877;xvde;532.46;32933.18;99544.34;248.80;6.63;12.46;0.34;18.27
ip-10-234-134-85.us-west-1.compute.internal;60;1440717877;md0;2088.10;131664.46;398214.36;253.76;0.00;0.00;0.00;0.00
ip-10-234-134-85.us-west-1.compute.internal;60;1440717937;xvda;1.03;0.00;18.80;18.19;0.00;1.39;0.21;0.02
ip-10-234-134-85.us-west-1.compute.internal;60;1440717937;xvdb;457.62;24149.33;90364.13;250.24;7.57;16.37;0.35;15.89
ip-10-234-134-85.us-west-1.compute.internal;60;1440717937;xvdc;457.55;24149.60;90361.33;250.27;6.80;14.71;0.32;14.50
ip-10-234-134-85.us-west-1.compute.internal;60;1440717937;xvdd;456.78;24149.33;90351.27;250.67;6.95;15.06;0.32;14.68
ip-10-234-134-85.us-west-1.compute.internal;60;1440717937;xvde;457.92;24150.67;90385.20;250.12;7.19;15.52;0.33;15.26
ip-10-234-134-85.us-west-1.compute.internal;60;1440717937;md0;1811.50;96598.93;363997.13;254.26;0.00;0.00;0.00;0.00
ip-10-234-134-85.us-west-1.compute.internal;60;1440717997;xvda;1.12;24.53;11.57;32.33;0.00;0.85;0.25;0.03
ip-10-234-134-85.us-west-1.compute.internal;60;1440717997;xvdb;736.77;15342.93;170947.07;252.85;19.21;26.17;0.31;22.85
ip-10-234-134-85.us-west-1.compute.internal;60;1440717997;xvdc;736.17;15342.93;170960.00;253.07;18.81;25.65;0.30;22.02
ip-10-234-134-85.us-west-1.compute.internal;60;1440717997;xvdd;736.35;15342.93;170967.80;253.02;16.73;22.83;0.30;21.85
ip-10-234-134-85.us-west-1.compute.internal;60;1440717997;xvde;736.15;15342.93;170950.27;253.06;19.75;26.94;0.30;22.42
ip-10-234-134-85.us-west-1.compute.internal;60;1440717997;md0;2921.70;61371.73;683177.67;254.83;0.00;0.00;0.00;0.00
ip-10-234-134-85.us-west-1.compute.internal;60;1440718057;xvda;0.40;0.00;10.63;26.58;0.00;0.67;0.21;0.01
ip-10-234-134-85.us-west-1.compute.internal;60;1440718057;xvdb;517.08;16554.67;113403.05;251.33;11.98;23.17;0.32;16.57
ip-10-234-134-85.us-west-1.compute.internal;60;1440718057;xvdc;516.48;16554.67;113401.20;251.62;11.72;22.71;0.31;15.86
ip-10-234-134-85.us-west-1.compute.internal;60;1440718057;xvdd;515.95;16554.67;113397.40;251.87;10.44;20.26;0.31;15.81
ip-10-234-134-85.us-west-1.compute.internal;60;1440718057;xvde;516.93;16554.67;113432.70;251.46;12.01;23.25;0.32;16.48
ip-10-234-134-85.us-west-1.compute.internal;60;1440718057;md0;2036.82;66218.67;451746.62;254.30;0.00;0.00;0.00;0.00
ip-10-234-134-85.us-west-1.compute.internal;60;1440718117;xvda;0.62;0.40;11.48;19.27;0.00;0.86;0.19;0.01
ip-10-234-134-85.us-west-1.compute.internal;60;1440718117;xvdb;250.82;17476.27;44027.97;245.22;2.85;11.34;0.37;9.22
ip-10-234-134-85.us-west-1.compute.internal;60;1440718117;xvdc;250.20;17476.27;43998.93;245.70;2.31;9.21;0.33;8.34
ip-10-234-134-85.us-west-1.compute.internal;60;1440718117;xvdd;250.43;17476.27;44039.67;245.64;2.69;10.75;0.34;8.49
ip-10-234-134-85.us-west-1.compute.internal;60;1440718117;xvde;250.85;17476.27;44050.03;245.27;2.91;11.62;0.35;8.90
ip-10-234-134-85.us-west-1.compute.internal;60;1440718117;md0;977.43;69905.07;176116.60;251.70;0.00;0.00;0.00;0.00
ip-10-234-134-85.us-west-1.compute.internal;60;1440718177;xvda;0.42;0.00;9.55;22.92;0.00;0.88;0.20;0.01
ip-10-234-134-85.us-west-1.compute.internal;60;1440718177;xvdb;296.73;15308.67;59177.17;251.02;6.15;20.72;0.34;9.94
ip-10-234-134-85.us-west-1.compute.internal;60;1440718177;xvdc;301.47;15308.93;59182.40;247.10;5.79;19.19;0.31;9.41
ip-10-234-134-85.us-west-1.compute.internal;60;1440718177;xvdd;296.68;15308.80;59204.17;251.15;6.09;20.52;0.32;9.64
ip-10-234-134-85.us-west-1.compute.internal;60;1440718177;xvde;296.53;15308.80;59186.83;251.22;6.33;21.36;0.33;9.78
ip-10-234-134-85.us-west-1.compute.internal;60;1440718177;md0;1180.17;61235.20;236750.57;252.49;0.00;0.00;0.00;0.00
ip-10-234-134-85.us-west-1.compute.internal;60;1440718237;xvda;0.53;8.93;10.70;36.81;0.00;0.75;0.34;0.02
ip-10-234-134-85.us-west-1.compute.internal;60;1440718237;xvdb;293.75;14916.27;58797.53;250.94;6.47;22.03;0.34;9.90
ip-10-234-134-85.us-west-1.compute.internal;60;1440718237;xvdc;308.12;14916.27;58789.33;239.21;6.32;20.51;0.30;9.33
ip-10-234-134-85.us-west-1.compute.internal;60;1440718237;xvdd;293.85;14916.27;58814.93;250.91;6.30;21.43;0.32;9.42
ip-10-234-134-85.us-west-1.compute.internal;60;1440718237;xvde;293.77;14916.27;58826.28;251.02;6.77;23.05;0.33;9.67
ip-10-234-134-85.us-west-1.compute.internal;60;1440718237;md0;1176.35;59665.07;235228.08;250.68;0.00;0.00;0.00;0.00
ip-10-234-134-85.us-west-1.compute.internal;60;1440718297;xvda;0.63;9.33;9.95;30.45;0.00;0.68;0.21;0.01
ip-10-234-134-85.us-west-1.compute.internal;60;1440718297;xvdb;205.62;17435.20;33709.67;248.74;2.90;14.09;0.37;7.55
ip-10-234-134-85.us-west-1.compute.internal;60;1440718297;xvdc;222.38;17425.07;33718.13;229.98;3.16;14.19;0.32;7.10
ip-10-234-134-85.us-west-1.compute.internal;60;1440718297;xvdd;205.30;17428.00;33734.93;249.21;2.86;13.95;0.34;7.07
ip-10-234-134-85.us-west-1.compute.internal;60;1440718297;xvde;205.67;17442.13;33736.70;248.84;3.13;15.20;0.36;7.35
ip-10-234-134-85.us-west-1.compute.internal;60;1440718297;md0;826.28;69730.40;134899.43;247.65;0.00;0.00;0.00;0.00
ip-10-234-134-85.us-west-1.compute.internal;60;1440718357;xvda;0.38;0.00;9.35;24.39;0.00;0.65;0.17;0.01
ip-10-234-134-85.us-west-1.compute.internal;60;1440718357;xvdb;208.95;17681.07;34076.72;247.70;2.81;13.46;0.36;7.61
ip-10-234-134-85.us-west-1.compute.internal;60;1440718357;xvdc;226.12;17681.20;34067.07;228.86;2.61;11.55;0.32;7.19
ip-10-234-134-85.us-west-1.compute.internal;60;1440718357;xvdd;209.13;17681.07;34068.93;247.45;2.75;13.18;0.34;7.16
ip-10-234-134-85.us-west-1.compute.internal;60;1440718357;xvde;208.52;17681.07;34055.63;248.12;3.05;14.64;0.36;7.46
ip-10-234-134-85.us-west-1.compute.internal;60;1440718357;md0;838.45;70724.40;136268.35;246.88;0.00;0.00;0.00;0.00
ip-10-234-134-85.us-west-1.compute.internal;60;1440718417;xvda;0.57;0.00;11.25;19.85;0.00;0.79;0.18;0.01
ip-10-234-134-85.us-west-1.compute.internal;60;1440718417;xvdb;243.18;17937.07;42883.25;250.10;3.38;13.90;0.35;8.56
ip-10-234-134-85.us-west-1.compute.internal;60;1440718417;xvdc;260.72;17937.07;42899.75;233.34;3.30;12.66;0.32;8.22
ip-10-234-134-85.us-west-1.compute.internal;60;1440718417;xvdd;243.02;17937.07;42880.80;250.26;3.01;12.41;0.33;8.12
ip-10-234-134-85.us-west-1.compute.internal;60;1440718417;xvde;243.35;17937.07;42872.28;249.88;4.60;18.92;0.36;8.77
ip-10-234-134-85.us-west-1.compute.internal;60;1440718417;md0;977.67;71748.27;171536.08;248.84;0.00;0.00;0.00;0.00
ip-10-234-134-85.us-west-1.compute.internal;60;1440718477;xvda;0.38;0.00;9.75;25.43;0.00;0.52;0.17;0.01
ip-10-234-134-85.us-west-1.compute.internal;60;1440718477;xvdb;209.38;17954.13;34221.63;249.19;2.46;11.73;0.36;7.60
ip-10-234-134-85.us-west-1.compute.internal;60;1440718477;xvdc;227.17;17954.13;34241.35;229.77;2.67;11.74;0.32;7.27
ip-10-234-134-85.us-west-1.compute.internal;60;1440718477;xvdd;209.28;17954.13;34245.60;249.42;2.55;12.23;0.34;7.21
ip-10-234-134-85.us-west-1.compute.internal;60;1440718477;xvde;209.82;17954.13;34235.10;248.74;3.31;15.76;0.37;7.75
ip-10-234-134-85.us-west-1.compute.internal;60;1440718477;md0;842.97;71816.53;136943.68;247.65;0.00;0.00;0.00;0.00
ip-10-234-134-85.us-west-1.compute.internal;60;1440718537;xvda;0.32;0.00;8.95;28.26;0.00;0.68;0.21;0.01
ip-10-234-134-85.us-west-1.compute.internal;60;1440718537;xvdb;208.73;17902.93;34119.65;249.23;2.35;11.24;0.37;7.68
ip-10-234-134-85.us-west-1.compute.internal;60;1440718537;xvdc;226.45;17902.93;34127.47;229.77;2.34;10.32;0.31;7.06
ip-10-234-134-85.us-west-1.compute.internal;60;1440718537;xvdd;208.75;17902.93;34129.60;249.26;2.24;10.76;0.34;7.19
ip-10-234-134-85.us-west-1.compute.internal;60;1440718537;xvde;209.30;17902.93;34123.90;248.58;3.20;15.27;0.37;7.83
ip-10-234-134-85.us-west-1.compute.internal;60;1440718537;md0;840.43;71611.73;136500.62;247.63;0.00;0.00;0.00;0.00
ip-10-234-134-85.us-west-1.compute.internal;60;1440718597;xvda;0.33;0.00;8.82;26.45;0.00;0.55;0.20;0.01
ip-10-234-134-85.us-west-1.compute.internal;60;1440718597;xvdb;208.60;17834.67;34082.70;248.88;2.53;12.13;0.37;7.73
ip-10-234-134-85.us-west-1.compute.internal;60;1440718597;xvdc;225.80;17834.67;34063.47;229.84;1.93;8.54;0.32;7.17
ip-10-234-134-85.us-west-1.compute.internal;60;1440718597;xvdd;207.90;17834.67;34053.60;249.58;2.00;9.64;0.35;7.24
ip-10-234-134-85.us-west-1.compute.internal;60;1440718597;xvde;208.85;17834.67;34077.77;248.56;3.19;15.28;0.37;7.77
ip-10-234-134-85.us-west-1.compute.internal;60;1440718597;md0;838.28;71338.67;136277.53;247.67;0.00;0.00;0.00;0.00
ip-10-234-134-85.us-west-1.compute.internal;60;1440718657;xvda;0.35;0.00;9.32;26.62;0.00;0.67;0.24;0.01
ip-10-234-134-85.us-west-1.compute.internal;60;1440718657;xvdb;242.55;17681.07;42851.92;249.57;3.02;12.47;0.35;8.58
ip-10-234-134-85.us-west-1.compute.internal;60;1440718657;xvdc;259.98;17681.07;42867.73;232.89;2.71;10.42;0.31;8.12
ip-10-234-134-85.us-west-1.compute.internal;60;1440718657;xvdd;242.02;17681.07;42844.53;250.09;2.77;11.46;0.34;8.16
ip-10-234-134-85.us-west-1.compute.internal;60;1440718657;xvde;242.80;17681.07;42850.83;249.31;4.28;17.64;0.36;8.83
ip-10-234-134-85.us-west-1.compute.internal;60;1440718657;md0;974.03;70724.27;171415.02;248.59;0.00;0.00;0.00;0.00
ip-10-234-134-85.us-west-1.compute.internal;60;1440718717;xvda;0.57;0.00;10.97;19.35;0.00;0.97;0.21;0.01
ip-10-234-134-85.us-west-1.compute.internal;60;1440718717;xvdb;206.40;17595.73;33822.72;249.12;2.46;11.92;0.37;7.73
ip-10-234-134-85.us-west-1.compute.internal;60;1440718717;xvdc;206.65;17604.13;33841.87;248.95;2.32;11.23;0.33;6.91
ip-10-234-134-85.us-west-1.compute.internal;60;1440718717;xvdd;206.22;17604.27;33846.93;249.50;2.16;10.51;0.35;7.12
ip-10-234-134-85.us-west-1.compute.internal;60;1440718717;xvde;207.12;17578.80;33824.17;248.18;3.29;15.90;0.37;7.75
ip-10-234-134-85.us-west-1.compute.internal;60;1440718717;md0;813.70;70382.93;135335.68;252.82;0.00;0.00;0.00;0.00
ip-10-234-134-85.us-west-1.compute.internal;60;1440718777;xvda;0.43;0.00;9.67;22.31;0.00;0.88;0.19;0.01
ip-10-234-134-85.us-west-1.compute.internal;60;1440718777;xvdb;206.17;17578.67;33793.90;249.18;2.67;12.97;0.38;7.81
ip-10-234-134-85.us-west-1.compute.internal;60;1440718777;xvdc;206.23;17578.67;33792.80;249.09;2.53;12.25;0.34;6.97
ip-10-234-134-85.us-west-1.compute.internal;60;1440718777;xvdd;205.88;17578.67;33787.47;249.49;2.68;13.04;0.35;7.22
ip-10-234-134-85.us-west-1.compute.internal;60;1440718777;xvde;206.95;17578.67;33805.50;248.29;3.20;15.46;0.37;7.68
ip-10-234-134-85.us-west-1.compute.internal;60;1440718777;md0;812.57;70314.67;135179.67;252.90;0.00;0.00;0.00;0.00
ip-10-234-134-85.us-west-1.compute.internal;60;1440718837;xvda;1.15;19.73;10.27;26.09;0.00;0.71;0.42;0.05
ip-10-234-134-85.us-west-1.compute.internal;60;1440718837;xvdb;207.93;17783.47;34013.88;249.11;2.88;13.84;0.37;7.72
ip-10-234-134-85.us-west-1.compute.internal;60;1440718837;xvdc;207.87;17783.47;33997.07;249.10;2.66;12.79;0.33;6.93
ip-10-234-134-85.us-west-1.compute.internal;60;1440718837;xvdd;207.53;17783.47;33998.53;249.51;2.44;11.76;0.34;7.15
ip-10-234-134-85.us-west-1.compute.internal;60;1440718837;xvde;208.42;17783.47;34007.63;248.50;2.79;13.38;0.36;7.43
ip-10-234-134-85.us-west-1.compute.internal;60;1440718837;md0;818.93;71133.87;136017.12;252.95;0.00;0.00;0.00;0.00
ip-10-234-134-85.us-west-1.compute.internal;60;1440718897;xvda;0.40;0.00;10.33;25.83;0.00;0.92;0.21;0.01
ip-10-234-134-85.us-west-1.compute.internal;60;1440718897;xvdb;240.83;17612.80;42618.70;250.10;4.31;17.92;0.36;8.72
ip-10-234-134-85.us-west-1.compute.internal;60;1440718897;xvdc;240.88;17612.80;42613.07;250.02;3.87;16.09;0.33;7.86
ip-10-234-134-85.us-west-1.compute.internal;60;1440718897;xvdd;240.35;17612.80;42600.27;250.52;3.72;15.51;0.34;8.16
ip-10-234-134-85.us-west-1.compute.internal;60;1440718897;xvde;241.30;17612.80;42599.88;249.53;3.86;15.99;0.35;8.40
ip-10-234-134-85.us-west-1.compute.internal;60;1440718897;md0;950.70;70451.20;170431.92;253.37;0.00;0.00;0.00;0.00
ip-10-234-134-85.us-west-1.compute.internal;60;1440718957;xvda;0.40;0.00;9.63;24.08;0.00;0.83;0.25;0.01
ip-10-234-134-85.us-west-1.compute.internal;60;1440718957;xvdb;209.03;17766.40;34224.20;248.72;2.83;13.52;0.37;7.80
ip-10-234-134-85.us-west-1.compute.internal;60;1440718957;xvdc;209.40;17766.40;34240.27;248.36;2.73;13.04;0.34;7.05
ip-10-234-134-85.us-west-1.compute.internal;60;1440718957;xvdd;209.05;17766.40;34246.00;248.80;2.72;13.04;0.35;7.32
ip-10-234-134-85.us-west-1.compute.internal;60;1440718957;xvde;209.35;17766.40;34208.97;248.27;2.90;13.85;0.36;7.56
ip-10-234-134-85.us-west-1.compute.internal;60;1440718957;md0;823.52;71065.60;136919.43;252.56;0.00;0.00;0.00;0.00
ip-10-234-134-85.us-west-1.compute.internal;60;1440719017;xvda;0.52;0.00;10.63;20.58;0.00;0.81;0.16;0.01
ip-10-234-134-85.us-west-1.compute.internal;60;1440719017;xvdb;207.97;17800.53;34032.83;249.24;2.92;14.05;0.37;7.70
ip-10-234-134-85.us-west-1.compute.internal;60;1440719017;xvdc;208.10;17800.53;34027.73;249.05;2.50;12.00;0.33;6.92
ip-10-234-134-85.us-west-1.compute.internal;60;1440719017;xvdd;207.77;17800.53;34027.73;249.45;2.63;12.69;0.34;7.16
ip-10-234-134-85.us-west-1.compute.internal;60;1440719017;xvde;208.68;17800.53;34036.43;248.40;2.92;14.00;0.36;7.43
ip-10-234-134-85.us-west-1.compute.internal;60;1440719017;md0;819.82;71202.13;136124.73;252.89;0.00;0.00;0.00;0.00
ip-10-234-134-85.us-west-1.compute.internal;60;1440719077;xvda;0.43;0.00;10.03;23.15;0.00;0.73;0.15;0.01
ip-10-234-134-85.us-west-1.compute.internal;60;1440719077;xvdb;208.23;17817.60;34069.88;249.18;2.79;13.40;0.37;7.62
ip-10-234-134-85.us-west-1.compute.internal;60;1440719077;xvdc;208.17;17817.60;34052.53;249.18;2.56;12.30;0.34;7.04
ip-10-234-134-85.us-west-1.compute.internal;60;1440719077;xvdd;207.80;17817.60;34050.00;249.60;2.60;12.55;0.34;7.15
ip-10-234-134-85.us-west-1.compute.internal;60;1440719077;xvde;208.85;17817.60;34063.63;248.41;2.83;13.55;0.36;7.54
ip-10-234-134-85.us-west-1.compute.internal;60;1440719077;md0;820.33;71270.40;136236.05;252.95;0.00;0.00;0.00;0.00
ip-10-234-134-85.us-west-1.compute.internal;60;1440719137;xvda;0.35;0.00;9.00;25.71;0.00;0.76;0.24;0.01
ip-10-234-134-85.us-west-1.compute.internal;60;1440719137;xvdb;241.22;17698.13;42617.10;250.05;4.02;16.67;0.36;8.63
ip-10-234-134-85.us-west-1.compute.internal;60;1440719137;xvdc;241.43;17698.13;42644.53;249.94;3.93;16.28;0.33;7.92
ip-10-234-134-85.us-west-1.compute.internal;60;1440719137;xvdd;240.95;17698.13;42616.80;250.32;3.79;15.73;0.33;8.06
ip-10-234-134-85.us-west-1.compute.internal;60;1440719137;xvde;241.55;17698.13;42608.68;249.67;4.23;17.49;0.35;8.45
ip-10-234-134-85.us-west-1.compute.internal;60;1440719137;md0;953.95;70792.53;170895.92;253.36;0.00;0.00;0.00;0.00
ip-10-234-134-85.us-west-1.compute.internal;60;1440719197;xvda;0.35;0.00;8.82;25.19;0.00;0.86;0.24;0.01
ip-10-234-134-85.us-west-1.compute.internal;60;1440719197;xvdb;207.37;17698.13;34000.03;249.31;3.03;14.64;0.37;7.60
ip-10-234-134-85.us-west-1.compute.internal;60;1440719197;xvdc;207.63;17698.13;33986.13;248.92;2.73;13.15;0.33;6.88
ip-10-234-134-85.us-west-1.compute.internal;60;1440719197;xvdd;207.15;17698.13;33998.40;249.56;2.90;14.04;0.34;7.11
ip-10-234-134-85.us-west-1.compute.internal;60;1440719197;xvde;208.02;17698.13;33993.23;248.50;3.10;14.93;0.36;7.42
ip-10-234-134-85.us-west-1.compute.internal;60;1440719197;md0;815.92;70792.53;135569.00;252.92;0.00;0.00;0.00;0.00
ip-10-234-134-85.us-west-1.compute.internal;60;1440719257;xvda;0.40;0.00;10.02;25.04;0.00;0.58;0.21;0.01
ip-10-234-134-85.us-west-1.compute.internal;60;1440719257;xvdb;209.77;17868.80;34291.40;248.66;2.77;13.20;0.37;7.75
ip-10-234-134-85.us-west-1.compute.internal;60;1440719257;xvdc;209.75;17868.80;34261.87;248.54;2.52;12.03;0.33;7.02
ip-10-234-134-85.us-west-1.compute.internal;60;1440719257;xvdd;209.70;17868.80;34311.87;248.83;2.57;12.26;0.34;7.21
ip-10-234-134-85.us-west-1.compute.internal;60;1440719257;xvde;210.35;17868.80;34301.77;248.02;2.63;12.52;0.36;7.51
ip-10-234-134-85.us-west-1.compute.internal;60;1440719257;md0;826.08;71475.20;137166.90;252.57;0.00;0.00;0.00;0.00
ip-10-234-134-85.us-west-1.compute.internal;60;1440719317;xvda;0.47;0.00;9.68;20.75;0.00;0.86;0.14;0.01
ip-10-234-134-85.us-west-1.compute.internal;60;1440719317;xvdb;206.95;17664.00;33882.68;249.08;2.82;13.62;0.37;7.61
ip-10-234-134-85.us-west-1.compute.internal;60;1440719317;xvdc;206.92;17664.00;33888.00;249.14;3.04;14.67;0.34;6.98
ip-10-234-134-85.us-west-1.compute.internal;60;1440719317;xvdd;206.50;17664.00;33862.28;249.52;2.51;12.20;0.35;7.25
ip-10-234-134-85.us-west-1.compute.internal;60;1440719317;xvde;207.52;17664.00;33873.48;248.35;2.74;13.21;0.36;7.44
ip-10-234-134-85.us-west-1.compute.internal;60;1440719317;md0;815.13;70656.00;135506.45;252.92;0.00;0.00;0.00;0.00
ip-10-234-134-85.us-west-1.compute.internal;60;1440719377;xvda;3.38;170.93;10.63;53.67;0.00;0.90;0.46;0.15
ip-10-234-134-85.us-west-1.compute.internal;60;1440719377;xvdb;241.92;17715.20;42752.45;249.95;4.24;17.54;0.35;8.58
ip-10-234-134-85.us-west-1.compute.internal;60;1440719377;xvdc;241.72;17715.20;42742.13;250.12;3.95;16.34;0.32;7.81
ip-10-234-134-85.us-west-1.compute.internal;60;1440719377;xvdd;241.43;17715.20;42751.75;250.45;3.94;16.35;0.34;8.22
ip-10-234-134-85.us-west-1.compute.internal;60;1440719377;xvde;242.05;17715.20;42736.13;249.75;4.32;17.86;0.35;8.41
ip-10-234-134-85.us-west-1.compute.internal;60;1440719377;md0;954.50;70860.80;170982.47;253.37;0.00;0.00;0.00;0.00
ip-10-234-134-85.us-west-1.compute.internal;60;1440719437;xvda;0.57;0.00;11.40;20.12;0.00;0.76;0.26;0.01
ip-10-234-134-85.us-west-1.compute.internal;60;1440719437;xvdb;207.23;17681.07;33930.70;249.05;2.83;13.66;0.37;7.66
ip-10-234-134-85.us-west-1.compute.internal;60;1440719437;xvdc;207.33;17681.07;33944.00;249.00;3.08;14.84;0.34;6.97
ip-10-234-134-85.us-west-1.compute.internal;60;1440719437;xvdd;206.88;17681.07;33941.90;249.53;2.74;13.26;0.35;7.15
ip-10-234-134-85.us-west-1.compute.internal;60;1440719437;xvde;207.78;17681.07;33937.48;248.42;2.84;13.68;0.36;7.48
ip-10-234-134-85.us-west-1.compute.internal;60;1440719437;md0;816.45;70724.27;135754.08;252.90;0.00;0.00;0.00;0.00
ip-10-234-134-85.us-west-1.compute.internal;60;1440719497;xvda;0.42;0.00;10.58;25.40;0.00;0.76;0.24;0.01
ip-10-234-134-85.us-west-1.compute.internal;60;1440719497;xvdb;207.90;17766.40;34025.37;249.12;2.93;14.11;0.37;7.65
ip-10-234-134-85.us-west-1.compute.internal;60;1440719497;xvdc;207.93;17766.40;34016.53;249.04;2.90;13.93;0.33;6.90
ip-10-234-134-85.us-west-1.compute.internal;60;1440719497;xvdd;207.77;17766.40;34027.50;249.29;2.83;13.63;0.35;7.22
ip-10-234-134-85.us-west-1.compute.internal;60;1440719497;xvde;208.35;17766.40;34024.67;248.58;2.87;13.77;0.36;7.45
ip-10-234-134-85.us-west-1.compute.internal;60;1440719497;md0;819.13;71065.60;136094.07;252.90;0.00;0.00;0.00;0.00
ip-10-234-134-85.us-west-1.compute.internal;60;1440719557;xvda;0.28;0.00;8.80;31.06;0.00;0.65;0.18;0.01
ip-10-234-134-85.us-west-1.compute.internal;60;1440719557;xvdb;208.97;17783.47;34164.58;248.59;2.72;13.02;0.37;7.77
ip-10-234-134-85.us-west-1.compute.internal;60;1440719557;xvdc;208.92;17783.47;34138.13;248.53;2.47;11.82;0.34;7.03
ip-10-234-134-85.us-west-1.compute.internal;60;1440719557;xvdd;208.65;17783.47;34154.17;248.92;2.41;11.57;0.34;7.20
ip-10-234-134-85.us-west-1.compute.internal;60;1440719557;xvde;209.75;17783.47;34187.35;247.78;2.56;12.20;0.36;7.50
ip-10-234-134-85.us-west-1.compute.internal;60;1440719557;md0;822.77;71133.87;136644.23;252.54;0.00;0.00;0.00;0.00
ip-10-234-134-85.us-west-1.compute.internal;60;1440719617;xvda;0.60;0.00;11.72;19.53;0.00;0.89;0.14;0.01
ip-10-234-134-85.us-west-1.compute.internal;60;1440719617;xvdb;240.98;17612.80;42630.42;249.99;4.08;16.95;0.35;8.53
ip-10-234-134-85.us-west-1.compute.internal;60;1440719617;xvdc;240.77;17612.80;42602.13;250.10;3.96;16.44;0.32;7.78
ip-10-234-134-85.us-west-1.compute.internal;60;1440719617;xvdd;240.17;17604.27;42577.73;250.58;3.67;15.16;0.33;7.98
ip-10-234-134-85.us-west-1.compute.internal;60;1440719617;xvde;240.90;17621.33;42479.35;249.48;4.11;16.68;0.35;8.35
ip-10-234-134-85.us-west-1.compute.internal;60;1440719617;md0;950.77;70451.20;170456.03;253.38;0.00;0.00;0.00;0.00
ip-10-234-134-85.us-west-1.compute.internal;60;1440719677;xvda;0.42;0.00;9.75;23.40;0.00;0.84;0.12;0.01
ip-10-234-134-85.us-west-1.compute.internal;60;1440719677;xvdb;206.87;17646.93;33900.57;249.18;2.67;12.90;0.37;7.71
ip-10-234-134-85.us-west-1.compute.internal;60;1440719677;xvdc;207.23;17646.93;33927.47;248.87;2.35;11.34;0.34;7.02
ip-10-234-134-85.us-west-1.compute.internal;60;1440719677;xvdd;206.67;17646.93;33934.43;249.59;3.25;15.89;0.35;7.19
ip-10-234-134-85.us-west-1.compute.internal;60;1440719677;xvde;208.02;17646.93;34040.67;248.48;2.69;13.33;0.36;7.49
ip-10-234-134-85.us-west-1.compute.internal;60;1440719677;md0;815.38;70587.73;135636.73;252.92;0.00;0.00;0.00;0.00
ip-10-234-134-85.us-west-1.compute.internal;60;1440719737;xvda;0.40;0.00;9.85;24.62;0.00;0.62;0.17;0.01
ip-10-234-134-85.us-west-1.compute.internal;60;1440719737;xvdb;206.88;17664.00;33876.03;249.13;2.67;12.93;0.37;7.63
ip-10-234-134-85.us-west-1.compute.internal;60;1440719737;xvdc;206.90;17664.00;33872.27;249.09;2.31;11.19;0.33;6.92
ip-10-234-134-85.us-west-1.compute.internal;60;1440719737;xvdd;206.60;17664.00;33871.77;249.45;3.26;15.82;0.35;7.27
ip-10-234-134-85.us-west-1.compute.internal;60;1440719737;xvde;207.43;17664.00;33861.75;248.40;2.67;12.90;0.36;7.48
ip-10-234-134-85.us-west-1.compute.internal;60;1440719737;md0;815.12;70656.00;135481.82;252.89;0.00;0.00;0.00;0.00
ip-10-234-134-85.us-west-1.compute.internal;60;1440719797;xvda;1.42;28.80;10.08;27.45;0.00;0.89;0.15;0.02
ip-10-234-134-85.us-west-1.compute.internal;60;1440719797;xvdb;538.27;98653.60;33912.70;246.28;4.00;7.44;0.38;20.39
ip-10-234-134-85.us-west-1.compute.internal;60;1440719797;xvdc;546.55;98609.33;33923.20;242.49;2.95;5.39;0.36;19.48
ip-10-234-134-85.us-west-1.compute.internal;60;1440719797;xvdd;546.22;98576.27;33923.23;242.58;5.69;10.41;0.37;20.01
ip-10-234-134-85.us-west-1.compute.internal;60;1440719797;xvde;544.17;98615.73;33920.93;243.56;3.26;5.99;0.36;19.61
ip-10-234-134-85.us-west-1.compute.internal;60;1440719797;md0;2171.02;394520.00;135680.07;244.22;0.00;0.00;0.00;0.00
ip-10-234-134-85.us-west-1.compute.internal;60;1440719857;xvda;0.47;0.53;10.68;24.04;0.00;0.82;0.18;0.01
ip-10-234-134-85.us-west-1.compute.internal;60;1440719857;xvdb;682.65;48337.87;123841.35;252.22;13.60;19.93;0.32;21.77
ip-10-234-134-85.us-west-1.compute.internal;60;1440719857;xvdc;691.87;48351.73;123825.87;248.86;12.62;18.24;0.31;21.48
ip-10-234-134-85.us-west-1.compute.internal;60;1440719857;xvdd;682.15;48329.73;123820.53;252.36;22.42;32.87;0.34;23.06
ip-10-234-134-85.us-west-1.compute.internal;60;1440719857;xvde;684.58;48348.27;123812.02;251.48;12.44;18.17;0.31;21.33
ip-10-234-134-85.us-west-1.compute.internal;60;1440719857;md0;2740.88;193302.53;495299.77;251.23;0.00;0.00;0.00;0.00
ip-10-234-134-85.us-west-1.compute.internal;60;1440719917;xvda;0.45;0.00;10.75;23.89;0.00;0.85;0.19;0.01
ip-10-234-134-85.us-west-1.compute.internal;60;1440719917;xvdb;221.67;27274.80;24454.67;233.37;3.20;14.43;0.33;7.24
ip-10-234-134-85.us-west-1.compute.internal;60;1440719917;xvdc;211.25;27209.47;24432.80;244.46;3.31;15.65;0.34;7.29
ip-10-234-134-85.us-west-1.compute.internal;60;1440719917;xvdd;204.12;27294.27;24439.73;253.45;4.20;20.58;0.37;7.46
ip-10-234-134-85.us-west-1.compute.internal;60;1440719917;xvde;204.10;27288.00;24441.48;253.45;3.20;15.68;0.35;7.08
ip-10-234-134-85.us-west-1.compute.internal;60;1440719917;md0;840.37;109066.53;97768.68;246.12;0.00;0.00;0.00;0.00
ip-10-234-134-85.us-west-1.compute.internal;60;1440719977;xvda;0.43;0.00;10.17;23.46;0.00;0.85;0.19;0.01
ip-10-234-134-85.us-west-1.compute.internal;60;1440719977;xvdb;263.33;21600.13;41864.42;241.00;4.93;18.71;0.32;8.34
ip-10-234-134-85.us-west-1.compute.internal;60;1440719977;xvdc;253.58;21669.73;41900.40;250.69;5.16;20.34;0.33;8.40
ip-10-234-134-85.us-west-1.compute.internal;60;1440719977;xvdd;249.00;21735.47;41347.47;253.35;6.82;26.85;0.35;8.79
ip-10-234-134-85.us-west-1.compute.internal;60;1440719977;xvde;251.25;21788.13;41883.23;253.42;5.45;21.68;0.33;8.20
ip-10-234-134-85.us-west-1.compute.internal;60;1440719977;md0;1020.97;86793.47;167545.78;249.12;0.00;0.00;0.00;0.00
ip-10-234-134-85.us-west-1.compute.internal;60;1440720037;xvda;0.45;0.00;10.62;23.59;0.00;0.70;0.22;0.01
ip-10-234-134-85.us-west-1.compute.internal;60;1440720037;xvdb;140.28;0.00;35829.75;255.41;4.27;30.47;0.28;3.87
ip-10-234-134-85.us-west-1.compute.internal;60;1440720037;xvdc;140.15;0.00;35822.93;255.60;4.58;32.67;0.29;4.01
ip-10-234-134-85.us-west-1.compute.internal;60;1440720037;xvdd;142.62;0.00;36415.33;255.34;4.24;30.72;0.28;3.92
ip-10-234-134-85.us-west-1.compute.internal;60;1440720037;xvde;140.67;0.53;35885.12;255.11;4.45;31.65;0.28;3.96
ip-10-234-134-85.us-west-1.compute.internal;60;1440720037;md0;560.93;0.53;143402.87;255.65;0.00;0.00;0.00;0.00
ip-10-234-134-85.us-west-1.compute.internal;60;1440720097;xvda;1.03;24.13;11.15;34.15;0.00;0.89;0.31;0.03
ip-10-234-134-85.us-west-1.compute.internal;60;1440720097;xvdb;122.68;0.00;31318.27;255.28;4.13;33.70;0.29;3.56
ip-10-234-134-85.us-west-1.compute.internal;60;1440720097;xvdc;122.68;1.33;31334.40;255.42;3.98;32.45;0.29;3.54
ip-10-234-134-85.us-west-1.compute.internal;60;1440720097;xvdd;122.70;0.53;31326.42;255.31;3.80;30.93;0.28;3.45
ip-10-234-134-85.us-west-1.compute.internal;60;1440720097;xvde;122.65;1.07;31291.48;255.14;3.86;31.45;0.28;3.46
ip-10-234-134-85.us-west-1.compute.internal;60;1440720097;md0;489.97;2.93;125270.57;255.68;0.00;0.00;0.00;0.00
ip-10-234-134-85.us-west-1.compute.internal;60;1440720157;xvda;0.35;0.00;10.08;28.81;0.00;0.95;0.24;0.01
ip-10-234-134-85.us-west-1.compute.internal;60;1440720157;xvdb;137.78;1.33;35168.40;255.25;4.46;32.41;0.28;3.87
ip-10-234-134-85.us-west-1.compute.internal;60;1440720157;xvdc;137.60;0.00;35159.47;255.52;4.68;33.98;0.29;3.94
ip-10-234-134-85.us-west-1.compute.internal;60;1440720157;xvdd;137.73;1.33;35183.73;255.46;4.18;30.35;0.28;3.80
ip-10-234-134-85.us-west-1.compute.internal;60;1440720157;xvde;137.73;1.60;35170.17;255.36;4.63;33.61;0.29;3.93
ip-10-234-134-85.us-west-1.compute.internal;60;1440720157;md0;550.18;4.27;140681.77;255.71;0.00;0.00;0.00;0.00
ip-10-234-134-85.us-west-1.compute.internal;60;1440720217;xvda;0.57;0.00;11.58;20.44;0.00;0.97;0.15;0.01
ip-10-234-134-85.us-west-1.compute.internal;60;1440720217;xvdb;155.55;0.00;39748.93;255.54;5.40;34.71;0.29;4.50
ip-10-234-134-85.us-west-1.compute.internal;60;1440720217;xvdc;155.72;0.80;39761.07;255.35;4.66;29.95;0.28;4.33
ip-10-234-134-85.us-west-1.compute.internal;60;1440720217;xvdd;155.53;0.00;39748.55;255.56;5.00;32.16;0.29;4.44
ip-10-234-134-85.us-west-1.compute.internal;60;1440720217;xvde;155.58;0.00;39738.45;255.42;5.13;32.99;0.29;4.49
ip-10-234-134-85.us-west-1.compute.internal;60;1440720217;md0;621.77;0.80;158997.00;255.72;0.00;0.00;0.00;0.00
ip-10-234-134-85.us-west-1.compute.internal;60;1440720277;xvda;0.42;0.00;10.00;24.00;0.00;0.76;0.20;0.01
ip-10-234-134-85.us-west-1.compute.internal;60;1440720277;xvdb;134.18;0.00;34287.20;255.53;4.44;33.12;0.28;3.78
ip-10-234-134-85.us-west-1.compute.internal;60;1440720277;xvdc;134.33;3.73;34289.07;255.28;4.33;32.20;0.28;3.83
ip-10-234-134-85.us-west-1.compute.internal;60;1440720277;xvdd;134.52;0.80;34317.08;255.12;4.60;34.22;0.29;3.92
ip-10-234-134-85.us-west-1.compute.internal;60;1440720277;xvde;134.38;0.27;34300.42;255.25;4.47;33.27;0.28;3.78
ip-10-234-134-85.us-west-1.compute.internal;60;1440720277;md0;536.62;4.80;137193.77;255.67;0.00;0.00;0.00;0.00
ip-10-234-134-85.us-west-1.compute.internal;60;1440720337;xvda;1.10;144.13;8.93;139.15;0.00;1.21;0.89;0.10
ip-10-234-134-85.us-west-1.compute.internal;60;1440720337;xvdb;133.33;0.00;34065.73;255.49;4.43;33.23;0.28;3.76
ip-10-234-134-85.us-west-1.compute.internal;60;1440720337;xvdc;133.32;0.27;34065.07;255.52;4.70;35.28;0.29;3.91
ip-10-234-134-85.us-west-1.compute.internal;60;1440720337;xvdd;133.40;0.53;34069.62;255.40;4.05;30.37;0.27;3.66
ip-10-234-134-85.us-west-1.compute.internal;60;1440720337;xvde;133.65;0.00;34089.10;255.06;4.29;32.07;0.28;3.77
ip-10-234-134-85.us-west-1.compute.internal;60;1440720337;md0;533.05;0.80;136289.52;255.68;0.00;0.00;0.00;0.00
ip-10-234-134-85.us-west-1.compute.internal;60;1440720397;xvda;1.28;72.93;9.60;64.31;0.00;0.84;0.49;0.06
ip-10-234-134-85.us-west-1.compute.internal;60;1440720397;xvdb;172.73;0.00;44124.40;255.45;5.83;33.72;0.29;4.95
ip-10-234-134-85.us-west-1.compute.internal;60;1440720397;xvdc;172.62;0.00;44117.33;255.58;5.21;30.19;0.29;4.93
ip-10-234-134-85.us-west-1.compute.internal;60;1440720397;xvdd;172.65;0.27;44117.62;255.53;5.02;29.10;0.28;4.80
ip-10-234-134-85.us-west-1.compute.internal;60;1440720397;xvde;172.92;0.00;44136.58;255.25;5.62;32.50;0.29;4.94
ip-10-234-134-85.us-west-1.compute.internal;60;1440720397;md0;690.18;0.27;176495.93;255.72;0.00;0.00;0.00;0.00
ip-10-234-134-85.us-west-1.compute.internal;60;1440720457;xvda;0.30;0.00;9.28;30.94;0.00;0.89;0.28;0.01
ip-10-234-134-85.us-west-1.compute.internal;60;1440720457;xvdb;121.90;0.00;31106.53;255.18;3.99;32.76;0.28;3.43
ip-10-234-134-85.us-west-1.compute.internal;60;1440720457;xvdc;121.68;0.00;31093.07;255.52;3.61;29.68;0.27;3.33
ip-10-234-134-85.us-west-1.compute.internal;60;1440720457;xvdd;121.65;0.00;31078.68;255.48;4.53;37.24;0.30;3.62
ip-10-234-134-85.us-west-1.compute.internal;60;1440720457;xvde;121.90;0.00;31113.63;255.24;4.22;34.61;0.28;3.44
ip-10-234-134-85.us-west-1.compute.internal;60;1440720457;md0;486.45;0.00;124391.92;255.71;0.00;0.00;0.00;0.00
ip-10-234-134-85.us-west-1.compute.internal;60;1440720517;xvda;0.48;0.00;10.10;20.90;0.00;1.00;0.21;0.01
ip-10-234-134-85.us-west-1.compute.internal;60;1440720517;xvdb;136.70;2.93;34881.20;255.19;4.58;33.50;0.29;3.96
ip-10-234-134-85.us-west-1.compute.internal;60;1440720517;xvdc;136.82;3.47;34886.67;255.01;4.26;31.13;0.29;3.91
ip-10-234-134-85.us-west-1.compute.internal;60;1440720517;xvdd;136.63;2.93;34886.40;255.35;4.23;30.99;0.28;3.85
ip-10-234-134-85.us-west-1.compute.internal;60;1440720517;xvde;136.73;1.07;34892.32;255.19;4.42;32.36;0.29;3.93
ip-10-234-134-85.us-west-1.compute.internal;60;1440720517;md0;546.03;10.40;139546.58;255.58;0.00;0.00;0.00;0.00
ip-10-234-134-85.us-west-1.compute.internal;60;1440720577;xvda;0.42;0.00;10.13;24.32;0.00;0.80;0.24;0.01
ip-10-234-134-85.us-west-1.compute.internal;60;1440720577;xvdb;122.37;0.00;31263.73;255.49;3.93;32.09;0.28;3.45
ip-10-234-134-85.us-west-1.compute.internal;60;1440720577;xvdc;122.33;2.40;31249.07;255.46;3.72;30.42;0.28;3.48
ip-10-234-134-85.us-west-1.compute.internal;60;1440720577;xvdd;122.53;1.87;31262.15;255.15;3.72;30.37;0.28;3.41
ip-10-234-134-85.us-west-1.compute.internal;60;1440720577;xvde;122.53;0.00;31267.90;255.18;3.97;32.40;0.29;3.50
ip-10-234-134-85.us-west-1.compute.internal;60;1440720577;md0;489.12;4.27;125042.85;255.66;0.00;0.00;0.00;0.00
ip-10-234-134-85.us-west-1.compute.internal;60;1440720637;xvda;0.40;2.93;10.10;32.58;0.00;0.50;0.21;0.01
ip-10-234-134-85.us-west-1.compute.internal;60;1440720637;xvdb;166.48;0.27;42547.60;255.57;5.88;35.33;0.29;4.86
ip-10-234-134-85.us-west-1.compute.internal;60;1440720637;xvdc;166.48;0.00;42556.00;255.62;5.44;32.68;0.28;4.65
ip-10-234-134-85.us-west-1.compute.internal;60;1440720637;xvdd;166.53;1.87;42549.62;255.51;5.52;33.13;0.28;4.69
ip-10-234-134-85.us-west-1.compute.internal;60;1440720637;xvde;166.72;0.00;42559.50;255.28;5.63;33.75;0.28;4.70
ip-10-234-134-85.us-west-1.compute.internal;60;1440720637;md0;665.57;2.13;170212.72;255.74;0.00;0.00;0.00;0.00
ip-10-234-134-85.us-west-1.compute.internal;60;1440720697;xvda;0.45;0.00;10.88;24.19;0.00;0.81;0.19;0.01
ip-10-234-134-85.us-west-1.compute.internal;60;1440720697;xvdb;137.93;2.13;35215.60;255.32;4.69;33.98;0.29;4.00
ip-10-234-134-85.us-west-1.compute.internal;60;1440720697;xvdc;137.78;1.60;35199.73;255.48;3.99;29.00;0.28;3.80
ip-10-234-134-85.us-west-1.compute.internal;60;1440720697;xvdd;137.80;4.53;35193.07;255.43;4.26;30.95;0.28;3.82
ip-10-234-134-85.us-west-1.compute.internal;60;1440720697;xvde;138.03;3.20;35199.78;255.03;4.46;32.29;0.28;3.91
ip-10-234-134-85.us-west-1.compute.internal;60;1440720697;md0;550.92;11.47;140808.18;255.61;0.00;0.00;0.00;0.00
ip-10-234-134-85.us-west-1.compute.internal;60;1440720757;xvda;0.33;0.00;9.05;27.15;0.00;0.80;0.25;0.01
ip-10-234-134-85.us-west-1.compute.internal;60;1440720757;xvdb;157.35;1.87;40152.13;255.19;5.23;33.25;0.28;4.42
ip-10-234-134-85.us-west-1.compute.internal;60;1440720757;xvdc;157.17;0.00;40116.53;255.25;5.58;35.51;0.29;4.57
ip-10-234-134-85.us-west-1.compute.internal;60;1440720757;xvdd;157.10;0.00;40122.42;255.39;5.18;32.96;0.28;4.41
ip-10-234-134-85.us-west-1.compute.internal;60;1440720757;xvde;157.22;2.93;40125.10;255.24;5.20;33.08;0.28;4.34
ip-10-234-134-85.us-west-1.compute.internal;60;1440720757;md0;627.82;4.80;160516.18;255.68;0.00;0.00;0.00;0.00
ip-10-234-134-85.us-west-1.compute.internal;60;1440720817;xvda;0.48;0.00;11.17;23.10;0.00;0.86;0.17;0.01
ip-10-234-134-85.us-west-1.compute.internal;60;1440720817;xvdb;133.95;0.00;34219.07;255.46;4.57;34.11;0.29;3.91
ip-10-234-134-85.us-west-1.compute.internal;60;1440720817;xvdc;134.07;1.60;34226.13;255.30;3.91;29.16;0.28;3.72
ip-10-234-134-85.us-west-1.compute.internal;60;1440720817;xvdd;133.98;0.53;34213.87;255.36;4.24;31.63;0.28;3.81
ip-10-234-134-85.us-west-1.compute.internal;60;1440720817;xvde;133.95;0.00;34203.23;255.34;4.22;31.48;0.28;3.73
ip-10-234-134-85.us-west-1.compute.internal;60;1440720817;md0;535.25;2.13;136862.30;255.70;0.00;0.00;0.00;0.00
ip-10-234-134-85.us-west-1.compute.internal;60;1440720877;xvda;0.42;0.00;9.87;23.68;0.00;0.68;0.20;0.01
ip-10-234-134-85.us-west-1.compute.internal;60;1440720877;xvdb;137.80;0.00;35202.27;255.46;4.63;33.57;0.28;3.92
ip-10-234-134-85.us-west-1.compute.internal;60;1440720877;xvdc;137.65;0.00;35174.40;255.54;4.26;30.94;0.28;3.88
ip-10-234-134-85.us-west-1.compute.internal;60;1440720877;xvdd;137.95;1.87;35196.55;255.15;4.54;32.92;0.28;3.87
ip-10-234-134-85.us-west-1.compute.internal;60;1440720877;xvde;137.95;0.00;35196.58;255.14;4.44;32.17;0.28;3.81
ip-10-234-134-85.us-west-1.compute.internal;60;1440720877;md0;550.62;1.87;140769.80;255.66;0.00;0.00;0.00;0.00
ip-10-234-134-85.us-west-1.compute.internal;60;1440720937;xvda;0.32;0.00;9.23;29.16;0.00;0.68;0.21;0.01
ip-10-234-134-85.us-west-1.compute.internal;60;1440720937;xvdb;116.98;0.80;29854.67;255.21;3.93;33.57;0.28;3.33
ip-10-234-134-85.us-west-1.compute.internal;60;1440720937;xvdc;116.85;1.60;29834.93;255.34;3.49;29.83;0.28;3.25
ip-10-234-134-85.us-west-1.compute.internal;60;1440720937;xvdd;116.88;0.00;29849.88;255.38;3.59;30.69;0.28;3.24
ip-10-234-134-85.us-west-1.compute.internal;60;1440720937;xvde;117.30;0.80;29879.90;254.74;3.77;32.15;0.29;3.40
ip-10-234-134-85.us-west-1.compute.internal;60;1440720937;md0;467.17;3.20;119419.38;255.63;0.00;0.00;0.00;0.00
ip-10-234-134-85.us-west-1.compute.internal;60;1440720997;xvda;0.33;0.00;9.52;28.55;0.00;1.00;0.25;0.01
ip-10-234-134-85.us-west-1.compute.internal;60;1440720997;xvdb;166.57;0.00;42518.00;255.26;5.45;32.50;0.28;4.73
ip-10-234-134-85.us-west-1.compute.internal;60;1440720997;xvdc;166.08;0.00;42445.87;255.57;5.03;30.02;0.27;4.55
ip-10-234-134-85.us-west-1.compute.internal;60;1440720997;xvdd;166.40;0.00;42525.87;255.56;5.32;31.79;0.27;4.58
ip-10-234-134-85.us-west-1.compute.internal;60;1440720997;xvde;166.50;0.00;42514.70;255.34;5.73;34.19;0.28;4.69
ip-10-234-134-85.us-west-1.compute.internal;60;1440720997;md0;673.58;0.00;172282.83;255.77;0.00;0.00;0.00;0.00
ip-10-234-134-85.us-west-1.compute.internal;60;1440721057;xvda;0.37;0.00;9.57;26.09;0.00;0.73;0.18;0.01
ip-10-234-134-85.us-west-1.compute.internal;60;1440721057;xvdb;128.15;0.00;32732.40;255.42;4.28;33.71;0.28;3.61
ip-10-234-134-85.us-west-1.compute.internal;60;1440721057;xvdc;128.68;0.00;32849.07;255.27;4.14;32.53;0.29;3.70
ip-10-234-134-85.us-west-1.compute.internal;60;1440721057;xvdd;128.07;0.00;32721.35;255.50;4.03;31.77;0.28;3.59
ip-10-234-134-85.us-west-1.compute.internal;60;1440721057;xvde;128.18;0.00;32721.12;255.27;4.08;32.13;0.27;3.51
ip-10-234-134-85.us-west-1.compute.internal;60;1440721057;md0;503.57;0.00;128745.53;255.67;0.00;0.00;0.00;0.00
ip-10-234-134-85.us-west-1.compute.internal;60;1440721117;xvda;0.45;0.00;10.65;23.67;0.00;0.67;0.15;0.01
ip-10-234-134-85.us-west-1.compute.internal;60;1440721117;xvdb;51.32;0.00;13073.47;254.76;1.61;31.43;0.29;1.49
ip-10-234-134-85.us-west-1.compute.internal;60;1440721117;xvdc;51.40;0.00;13088.80;254.65;1.49;28.92;0.28;1.44
ip-10-234-134-85.us-west-1.compute.internal;60;1440721117;xvdd;51.38;0.00;13059.20;254.15;1.54;29.93;0.27;1.40
ip-10-234-134-85.us-west-1.compute.internal;60;1440721117;xvde;51.32;0.00;13054.68;254.39;1.60;31.16;0.28;1.45
ip-10-234-134-85.us-west-1.compute.internal;60;1440721117;md0;204.62;0.00;52276.15;255.48;0.00;0.00;0.00;0.00
ip-10-234-134-85.us-west-1.compute.internal;60;1440721177;xvda;0.42;0.00;9.60;23.04;0.00;0.88;0.20;0.01
ip-10-234-134-85.us-west-1.compute.internal;60;1440721177;xvdb;45.88;0.00;11674.27;254.43;1.46;31.91;0.27;1.26
ip-10-234-134-85.us-west-1.compute.internal;60;1440721177;xvdc;45.95;0.00;11707.73;254.79;1.40;30.46;0.27;1.26
ip-10-234-134-85.us-west-1.compute.internal;60;1440721177;xvdd;46.00;0.00;11687.75;254.08;1.41;30.71;0.27;1.26
ip-10-234-134-85.us-west-1.compute.internal;60;1440721177;xvde;46.13;0.00;11700.32;253.62;1.74;37.70;0.29;1.33
ip-10-234-134-85.us-west-1.compute.internal;60;1440721177;md0;183.28;0.00;46770.07;255.18;0.00;0.00;0.00;0.00
ip-10-234-134-85.us-west-1.compute.internal;60;1440721237;xvda;0.38;1.87;9.93;30.78;0.00;0.74;0.22;0.01
ip-10-234-134-85.us-west-1.compute.internal;60;1440721237;xvdb;39.20;0.00;9947.20;253.76;1.14;29.18;0.28;1.08
ip-10-234-134-85.us-west-1.compute.internal;60;1440721237;xvdc;39.02;0.00;9932.80;254.58;1.03;26.32;0.27;1.06
ip-10-234-134-85.us-west-1.compute.internal;60;1440721237;xvdd;39.20;0.00;9951.22;253.86;1.07;27.38;0.27;1.06
ip-10-234-134-85.us-west-1.compute.internal;60;1440721237;xvde;39.33;0.00;9945.27;252.85;1.46;37.14;0.29;1.12
ip-10-234-134-85.us-west-1.compute.internal;60;1440721237;md0;156.08;0.00;39776.48;254.84;0.00;0.00;0.00;0.00
ip-10-234-134-85.us-west-1.compute.internal;60;1440721297;xvda;0.53;0.00;11.73;22.00;0.00;0.75;0.16;0.01
ip-10-234-134-85.us-west-1.compute.internal;60;1440721297;xvdb;102.85;0.00;26227.47;255.01;2.19;21.29;0.27;2.81
ip-10-234-134-85.us-west-1.compute.internal;60;1440721297;xvdc;102.65;0.00;26215.47;255.39;2.24;21.85;0.27;2.81
ip-10-234-134-85.us-west-1.compute.internal;60;1440721297;xvdd;102.63;0.00;26214.40;255.42;2.38;23.19;0.27;2.81
ip-10-234-134-85.us-west-1.compute.internal;60;1440721297;xvde;102.72;0.00;26215.62;255.22;3.93;38.28;0.29;2.96
ip-10-234-134-85.us-west-1.compute.internal;60;1440721297;md0;410.00;0.00;104872.95;255.79;0.00;0.00;0.00;0.00
ip-10-234-134-85.us-west-1.compute.internal;60;1440721357;xvda;0.32;0.00;9.22;29.11;0.00;0.79;0.21;0.01
ip-10-234-134-85.us-west-1.compute.internal;60;1440721357;xvdb;168.15;0.00;42957.50;255.47;4.65;27.65;0.27;4.62
ip-10-234-134-85.us-west-1.compute.internal;60;1440721357;xvdc;168.37;0.00;42973.60;255.24;4.26;25.31;0.27;4.60
ip-10-234-134-85.us-west-1.compute.internal;60;1440721357;xvdd;168.22;0.00;42975.33;255.48;4.54;26.98;0.27;4.62
ip-10-234-134-85.us-west-1.compute.internal;60;1440721357;xvde;168.23;0.00;42966.67;255.40;6.40;38.02;0.28;4.79
ip-10-234-134-85.us-west-1.compute.internal;60;1440721357;md0;671.97;0.00;171873.10;255.78;0.00;0.00;0.00;0.00
ip-10-234-134-85.us-west-1.compute.internal;60;1440721417;xvda;0.60;0.00;11.60;19.33;0.00;1.03;0.17;0.01
ip-10-234-134-85.us-west-1.compute.internal;60;1440721417;xvdb;137.42;15268.53;18211.12;243.64;2.23;16.21;0.32;4.44
ip-10-234-134-85.us-west-1.compute.internal;60;1440721417;xvdc;140.63;15273.87;18194.67;237.98;2.15;15.32;0.32;4.46
ip-10-234-134-85.us-west-1.compute.internal;60;1440721417;xvdd;134.93;15292.00;18209.10;248.28;2.07;15.38;0.33;4.40
ip-10-234-134-85.us-west-1.compute.internal;60;1440721417;xvde;133.80;15291.73;18219.33;250.46;2.92;21.81;0.34;4.49
ip-10-234-134-85.us-west-1.compute.internal;60;1440721417;md0;545.95;61126.13;72834.22;245.37;0.00;0.00;0.00;0.00
ip-10-234-134-85.us-west-1.compute.internal;60;1440721477;xvda;0.43;0.00;10.30;23.77;0.00;0.85;0.15;0.01
ip-10-234-134-85.us-west-1.compute.internal;60;1440721477;xvdb;194.02;21245.33;26214.68;244.62;2.07;10.64;0.32;6.28
ip-10-234-134-85.us-west-1.compute.internal;60;1440721477;xvdc;189.07;21112.27;26215.20;250.32;2.14;11.32;0.33;6.31
ip-10-234-134-85.us-west-1.compute.internal;60;1440721477;xvdd;195.45;21194.53;26216.17;242.57;2.17;11.10;0.32;6.21
ip-10-234-134-85.us-west-1.compute.internal;60;1440721477;xvde;194.90;21287.20;26226.80;243.79;4.48;22.96;0.34;6.63
ip-10-234-134-85.us-west-1.compute.internal;60;1440721477;md0;772.68;84839.33;104872.85;245.52;0.00;0.00;0.00;0.00
ip-10-234-134-85.us-west-1.compute.internal;60;1440721537;xvda;0.32;0.00;9.05;28.58;0.00;0.79;0.26;0.01
ip-10-234-134-85.us-west-1.compute.internal;60;1440721537;xvdb;210.08;25142.40;26224.83;244.51;2.83;13.46;0.33;6.99
ip-10-234-134-85.us-west-1.compute.internal;60;1440721537;xvdc;202.53;25122.13;26215.20;253.48;2.79;13.76;0.34;6.90
ip-10-234-134-85.us-west-1.compute.internal;60;1440721537;xvdd;205.65;25132.53;26215.48;249.69;2.72;13.22;0.33;6.76
ip-10-234-134-85.us-west-1.compute.internal;60;1440721537;xvde;220.12;25087.73;26220.95;233.10;4.45;20.22;0.32;7.15
ip-10-234-134-85.us-west-1.compute.internal;60;1440721537;md0;837.63;100484.80;104876.47;245.17;0.00;0.00;0.00;0.00
ip-10-234-134-85.us-west-1.compute.internal;60;1440721597;xvda;0.93;25.60;9.33;37.43;0.00;1.07;0.21;0.02
ip-10-234-134-85.us-west-1.compute.internal;60;1440721597;xvdb;245.30;26262.40;34960.00;249.58;5.14;20.96;0.33;8.05
ip-10-234-134-85.us-west-1.compute.internal;60;1440721597;xvdc;252.60;26248.53;34960.53;242.32;5.07;20.06;0.32;8.12
ip-10-234-134-85.us-west-1.compute.internal;60;1440721597;xvdd;251.27;26272.00;34953.10;243.67;4.84;19.28;0.32;8.01
ip-10-234-134-85.us-west-1.compute.internal;60;1440721597;xvde;245.35;26289.60;34953.20;249.61;5.46;22.24;0.33;8.11
ip-10-234-134-85.us-west-1.compute.internal;60;1440721597;md0;993.75;105072.53;139826.83;246.44;0.00;0.00;0.00;0.00
ip-10-234-134-85.us-west-1.compute.internal;60;1440721657;xvda;1.32;30.13;9.82;30.34;0.00;0.81;0.24;0.03
ip-10-234-134-85.us-west-1.compute.internal;60;1440721657;xvdb;545.95;109688.67;23542.43;244.04;3.51;6.43;0.35;18.93
ip-10-234-134-85.us-west-1.compute.internal;60;1440721657;xvdc;553.70;109776.80;23562.40;240.81;3.36;6.07;0.34;18.96
ip-10-234-134-85.us-west-1.compute.internal;60;1440721657;xvdd;547.97;109730.67;23557.23;243.24;3.64;6.64;0.35;18.98
ip-10-234-134-85.us-west-1.compute.internal;60;1440721657;xvde;548.68;109688.27;23554.43;242.84;3.51;6.41;0.35;18.98
ip-10-234-134-85.us-west-1.compute.internal;60;1440721657;md0;2194.50;438884.40;94216.50;242.93;0.00;0.00;0.00;0.00
ip-10-234-134-85.us-west-1.compute.internal;60;1440721717;xvda;0.52;6.00;10.37;31.68;0.00;0.87;0.26;0.01
ip-10-234-134-85.us-west-1.compute.internal;60;1440721717;xvdb;32.20;7118.13;3.08;221.16;0.03;1.05;0.37;1.18
ip-10-234-134-85.us-west-1.compute.internal;60;1440721717;xvdc;31.52;6948.93;1.07;220.52;0.03;1.06;0.36;1.15
ip-10-234-134-85.us-west-1.compute.internal;60;1440721717;xvdd;29.93;6675.60;11.73;223.41;0.03;1.01;0.37;1.10
ip-10-234-134-85.us-west-1.compute.internal;60;1440721717;xvde;32.78;6797.73;4.00;207.48;0.03;1.05;0.34;1.11
ip-10-234-134-85.us-west-1.compute.internal;60;1440721717;md0;127.50;27540.40;19.88;216.16;0.00;0.00;0.00;0.00
ip-10-234-134-85.us-west-1.compute.internal;60;1440721777;xvda;0.43;0.00;10.33;23.85;0.00;0.88;0.19;0.01
ip-10-234-134-85.us-west-1.compute.internal;60;1440721777;xvdb;22.55;0.00;5717.60;253.55;0.83;36.71;0.28;0.63
ip-10-234-134-85.us-west-1.compute.internal;60;1440721777;xvdc;22.53;0.00;5717.33;253.73;0.70;31.17;0.27;0.61
ip-10-234-134-85.us-west-1.compute.internal;60;1440721777;xvdd;22.60;0.00;5724.00;253.27;0.74;32.77;0.27;0.62
ip-10-234-134-85.us-west-1.compute.internal;60;1440721777;xvde;22.80;0.00;5729.88;251.31;0.75;32.76;0.27;0.62
ip-10-234-134-85.us-west-1.compute.internal;60;1440721777;md0;89.68;0.00;22888.82;255.22;0.00;0.00;0.00;0.00
ip-10-234-134-85.us-west-1.compute.internal;60;1440721837;xvda;1.13;19.73;10.03;26.26;0.00;0.68;0.34;0.04
ip-10-234-134-85.us-west-1.compute.internal;60;1440721837;xvdb;46.30;0.00;11766.93;254.15;1.50;32.31;0.28;1.27
ip-10-234-134-85.us-west-1.compute.internal;60;1440721837;xvdc;46.07;0.00;11741.87;254.89;1.42;30.78;0.27;1.26
ip-10-234-134-85.us-west-1.compute.internal;60;1440721837;xvdd;46.18;0.00;11770.40;254.86;1.47;31.91;0.28;1.28
ip-10-234-134-85.us-west-1.compute.internal;60;1440721837;xvde;46.33;0.00;11765.37;253.93;1.50;32.32;0.28;1.28
ip-10-234-134-85.us-west-1.compute.internal;60;1440721837;md0;184.13;0.00;47044.57;255.49;0.00;0.00;0.00;0.00
ip-10-234-134-85.us-west-1.compute.internal;60;1440721897;xvda;0.37;0.00;10.17;27.73;0.00;0.77;0.18;0.01
ip-10-234-134-85.us-west-1.compute.internal;60;1440721897;xvdb;34.52;0.00;8748.00;253.44;1.13;32.61;0.27;0.94
ip-10-234-134-85.us-west-1.compute.internal;60;1440721897;xvdc;34.45;0.00;8742.40;253.77;1.07;31.08;0.28;0.95
ip-10-234-134-85.us-west-1.compute.internal;60;1440721897;xvdd;34.42;0.00;8755.20;254.39;1.13;32.95;0.28;0.95
ip-10-234-134-85.us-west-1.compute.internal;60;1440721897;xvde;34.37;0.00;8722.17;253.80;1.10;32.10;0.27;0.94
ip-10-234-134-85.us-west-1.compute.internal;60;1440721897;md0;136.97;0.00;34967.77;255.30;0.00;0.00;0.00;0.00
ip-10-234-134-85.us-west-1.compute.internal;60;1440721957;xvda;0.28;0.00;9.32;32.88;0.00;0.76;0.24;0.01
ip-10-234-134-85.us-west-1.compute.internal;60;1440721957;xvdb;34.67;0.00;8774.53;253.11;1.12;32.44;0.28;0.96
ip-10-234-134-85.us-west-1.compute.internal;60;1440721957;xvdc;34.88;0.00;8788.00;251.93;1.05;30.01;0.27;0.94
ip-10-234-134-85.us-west-1.compute.internal;60;1440721957;xvdd;34.67;0.00;8776.28;253.16;1.07;30.85;0.27;0.94
ip-10-234-134-85.us-west-1.compute.internal;60;1440721957;xvde;34.67;0.00;8759.52;252.68;1.13;32.60;0.27;0.95
ip-10-234-134-85.us-west-1.compute.internal;60;1440721957;md0;138.28;0.00;35098.33;253.81;0.00;0.00;0.00;0.00
ip-10-234-134-85.us-west-1.compute.internal;60;1440722017;xvda;0.53;0.00;10.77;20.19;0.00;0.94;0.19;0.01
ip-10-234-134-85.us-west-1.compute.internal;60;1440722017;xvdb;54.52;0.00;13882.40;254.65;1.74;31.97;0.27;1.49
ip-10-234-134-85.us-west-1.compute.internal;60;1440722017;xvdc;54.42;0.00;13875.20;254.98;1.66;30.47;0.27;1.48
ip-10-234-134-85.us-west-1.compute.internal;60;1440722017;xvdd;54.78;0.00;13919.75;254.09;1.74;31.72;0.27;1.50
ip-10-234-134-85.us-west-1.compute.internal;60;1440722017;xvde;54.58;0.00;13892.72;254.52;1.82;33.30;0.28;1.51
ip-10-234-134-85.us-west-1.compute.internal;60;1440722017;md0;217.60;0.00;55570.07;255.38;0.00;0.00;0.00;0.00
ip-10-234-134-85.us-west-1.compute.internal;60;1440722077;xvda;0.43;0.00;10.18;23.50;0.00;0.92;0.15;0.01
ip-10-234-134-85.us-west-1.compute.internal;60;1440722077;xvdb;39.08;0.00;9536.55;244.01;1.23;31.44;0.27;1.05
ip-10-234-134-85.us-west-1.compute.internal;60;1440722077;xvdc;39.07;0.00;9542.80;244.27;1.20;30.62;0.27;1.06
ip-10-234-134-85.us-west-1.compute.internal;60;1440722077;xvdd;39.13;0.13;9551.10;244.07;1.20;30.58;0.27;1.05
ip-10-234-134-85.us-west-1.compute.internal;60;1440722077;xvde;39.32;0.00;9558.43;243.11;1.21;30.84;0.27;1.05
ip-10-234-134-85.us-west-1.compute.internal;60;1440722077;md0;151.95;0.13;38188.88;251.33;0.00;0.00;0.00;0.00
ip-10-234-134-85.us-west-1.compute.internal;60;1440722137;xvda;0.37;0.00;9.77;26.64;0.00;0.77;0.23;0.01
ip-10-234-134-85.us-west-1.compute.internal;60;1440722137;xvdb;32.58;0.00;8234.00;252.71;1.06;32.69;0.28;0.90
ip-10-234-134-85.us-west-1.compute.internal;60;1440722137;xvdc;32.38;0.00;8233.07;254.24;0.98;30.39;0.27;0.88
ip-10-234-134-85.us-west-1.compute.internal;60;1440722137;xvdd;32.45;0.00;8243.48;254.04;1.01;31.16;0.27;0.88
ip-10-234-134-85.us-west-1.compute.internal;60;1440722137;xvde;32.53;0.00;8246.17;253.47;1.17;36.11;0.28;0.91
ip-10-234-134-85.us-west-1.compute.internal;60;1440722137;md0;129.22;0.00;32956.72;255.05;0.00;0.00;0.00;0.00
ip-10-234-134-85.us-west-1.compute.internal;60;1440722197;xvda;0.32;0.00;9.05;28.58;0.00;0.74;0.21;0.01
ip-10-234-134-85.us-west-1.compute.internal;60;1440722197;xvdb;35.28;0.00;8935.87;253.26;1.15;32.57;0.27;0.96
ip-10-234-134-85.us-west-1.compute.internal;60;1440722197;xvdc;35.40;0.00;8955.73;252.99;1.08;30.54;0.27;0.96
ip-10-234-134-85.us-west-1.compute.internal;60;1440722197;xvdd;35.23;0.00;8943.22;253.83;1.19;33.82;0.27;0.97
ip-10-234-134-85.us-west-1.compute.internal;60;1440722197;xvde;35.43;0.00;8972.57;253.22;1.24;35.11;0.27;0.97
ip-10-234-134-85.us-west-1.compute.internal;60;1440722197;md0;140.35;0.00;35807.38;255.13;0.00;0.00;0.00;0.00
ip-10-234-134-85.us-west-1.compute.internal;60;1440722257;xvda;0.27;0.00;8.73;32.75;0.00;0.88;0.25;0.01
ip-10-234-134-85.us-west-1.compute.internal;60;1440722257;xvdb;46.85;0.00;11930.27;254.65;1.51;32.34;0.27;1.28
ip-10-234-134-85.us-west-1.compute.internal;60;1440722257;xvdc;46.80;0.00;11916.80;254.63;1.58;33.81;0.27;1.28
ip-10-234-134-85.us-west-1.compute.internal;60;1440722257;xvdd;46.92;0.00;11921.35;254.10;1.48;31.57;0.27;1.28
ip-10-234-134-85.us-west-1.compute.internal;60;1440722257;xvde;47.05;0.00;11953.65;254.06;1.51;32.16;0.27;1.28
ip-10-234-134-85.us-west-1.compute.internal;60;1440722257;md0;186.93;0.00;47722.07;255.29;0.00;0.00;0.00;0.00
ip-10-234-134-85.us-west-1.compute.internal;60;1440722317;xvda;2.20;69.47;12.52;37.27;0.00;0.90;0.40;0.09
ip-10-234-134-85.us-west-1.compute.internal;60;1440722317;xvdb;141.67;0.00;36186.93;255.44;4.87;34.14;0.28;3.90
ip-10-234-134-85.us-west-1.compute.internal;60;1440722317;xvdc;141.77;0.00;36232.93;255.58;4.59;32.13;0.27;3.88
ip-10-234-134-85.us-west-1.compute.internal;60;1440722317;xvdd;141.93;0.00;36233.23;255.28;4.64;32.43;0.27;3.88
ip-10-234-134-85.us-west-1.compute.internal;60;1440722317;xvde;141.97;0.00;36234.18;255.23;4.80;33.58;0.27;3.89
ip-10-234-134-85.us-west-1.compute.internal;60;1440722317;md0;575.18;0.00;147071.82;255.70;0.00;0.00;0.00;0.00
ip-10-234-134-85.us-west-1.compute.internal;60;1440722377;xvda;0.60;1.73;11.62;22.25;0.00;0.97;0.22;0.01
ip-10-234-134-85.us-west-1.compute.internal;60;1440722377;xvdb;328.32;0.00;83874.03;255.47;9.91;30.30;0.27;9.00
ip-10-234-134-85.us-west-1.compute.internal;60;1440722377;xvdc;328.08;0.53;83833.23;255.53;9.35;28.62;0.27;8.96
ip-10-234-134-85.us-west-1.compute.internal;60;1440722377;xvdd;328.07;0.00;83839.50;255.56;13.14;40.17;0.28;9.33
ip-10-234-134-85.us-west-1.compute.internal;60;1440722377;xvde;328.27;0.27;83849.77;255.43;9.93;30.36;0.27;9.00
ip-10-234-134-85.us-west-1.compute.internal;60;1440722377;md0;1302.72;0.80;333212.00;255.78;0.00;0.00;0.00;0.00
ip-10-234-134-85.us-west-1.compute.internal;60;1440722437;xvda;1.15;27.60;10.23;32.90;0.00;0.84;0.48;0.05
ip-10-234-134-85.us-west-1.compute.internal;60;1440722437;xvdb;50.13;423.87;11902.68;245.88;1.30;25.98;0.30;1.48
ip-10-234-134-85.us-west-1.compute.internal;60;1440722437;xvdc;50.73;463.07;11902.40;243.73;1.20;23.61;0.29;1.48
ip-10-234-134-85.us-west-1.compute.internal;60;1440722437;xvdd;49.52;354.93;11912.53;247.74;1.83;36.89;0.31;1.53
ip-10-234-134-85.us-west-1.compute.internal;60;1440722437;xvde;49.83;335.47;11904.30;245.61;1.32;26.39;0.29;1.47
ip-10-234-134-85.us-west-1.compute.internal;60;1440722437;md0;199.35;1577.33;47621.92;246.80;0.00;0.00;0.00;0.00
ip-10-234-134-85.us-west-1.compute.internal;60;1440722497;xvda;0.43;0.13;11.07;25.85;0.00;0.73;0.19;0.01
ip-10-234-134-85.us-west-1.compute.internal;60;1440722497;xvdb;978.02;173425.47;26713.60;204.64;4.57;4.68;0.31;30.70
ip-10-234-134-85.us-west-1.compute.internal;60;1440722497;xvdc;982.43;174032.13;26712.00;204.33;4.32;4.39;0.31;30.18
ip-10-234-134-85.us-west-1.compute.internal;60;1440722497;xvdd;983.42;174119.07;26722.42;204.23;6.13;6.23;0.32;31.21
ip-10-234-134-85.us-west-1.compute.internal;60;1440722497;xvde;984.12;174056.40;26708.70;204.01;4.35;4.42;0.31;30.58
ip-10-234-134-85.us-west-1.compute.internal;60;1440722497;md0;3949.83;695633.07;106856.72;203.17;0.00;0.00;0.00;0.00
ip-10-234-134-85.us-west-1.compute.internal;60;1440722557;xvda;1.55;27.47;9.35;23.75;0.00;1.29;0.18;0.03
ip-10-234-134-85.us-west-1.compute.internal;60;1440722557;xvdb;552.90;101098.27;28155.73;233.77;3.90;7.05;0.35;19.26
ip-10-234-134-85.us-west-1.compute.internal;60;1440722557;xvdc;551.53;101290.40;28152.00;234.70;3.44;6.23;0.35;19.09
ip-10-234-134-85.us-west-1.compute.internal;60;1440722557;xvdd;552.57;101618.93;28201.75;234.94;5.06;9.15;0.35;19.56
ip-10-234-134-85.us-west-1.compute.internal;60;1440722557;xvde;564.22;101353.20;28179.88;229.58;3.73;6.61;0.34;19.24
ip-10-234-134-85.us-west-1.compute.internal;60;1440722557;md0;2224.98;405360.80;112689.37;232.83;0.00;0.00;0.00;0.00
ip-10-234-134-85.us-west-1.compute.internal;60;1440722617;xvda;0.75;5.33;11.83;22.89;0.00;1.09;0.20;0.01
ip-10-234-134-85.us-west-1.compute.internal;60;1440722617;xvdb;296.87;0.00;75825.12;255.42;9.96;33.55;0.28;8.17
ip-10-234-134-85.us-west-1.compute.internal;60;1440722617;xvdc;296.72;0.00;75840.55;255.60;9.30;31.34;0.27;8.11
ip-10-234-134-85.us-west-1.compute.internal;60;1440722617;xvdd;296.60;0.00;75810.03;255.60;12.28;41.41;0.28;8.42
ip-10-234-134-85.us-west-1.compute.internal;60;1440722617;xvde;296.73;0.00;75806.82;255.47;9.83;33.12;0.27;8.13
ip-10-234-134-85.us-west-1.compute.internal;60;1440722617;md0;1185.83;0.00;303282.52;255.75;0.00;0.00;0.00;0.00
ip-10-234-134-85.us-west-1.compute.internal;60;1440722677;xvda;0.40;0.00;10.17;25.42;0.00;0.88;0.21;0.01
ip-10-234-134-85.us-west-1.compute.internal;60;1440722677;xvdb;117.15;0.00;29888.00;255.13;3.69;31.49;0.28;3.24
ip-10-234-134-85.us-west-1.compute.internal;60;1440722677;xvdc;116.83;0.00;29841.60;255.42;3.62;30.98;0.28;3.23
ip-10-234-134-85.us-west-1.compute.internal;60;1440722677;xvdd;116.72;0.00;29806.15;255.37;4.38;37.54;0.29;3.33
ip-10-234-134-85.us-west-1.compute.internal;60;1440722677;xvde;116.77;0.00;29799.92;255.21;3.98;34.11;0.28;3.24
ip-10-234-134-85.us-west-1.compute.internal;60;1440722677;md0;466.92;0.00;119335.67;255.58;0.00;0.00;0.00;0.00
ip-10-234-134-85.us-west-1.compute.internal;60;1440722737;xvda;0.35;0.00;9.22;26.33;0.00;0.62;0.10;0.00
ip-10-234-134-85.us-west-1.compute.internal;60;1440722737;xvdb;159.90;0.00;40875.20;255.63;4.63;28.98;0.28;4.43
ip-10-234-134-85.us-west-1.compute.internal;60;1440722737;xvdc;159.85;0.00;40808.28;255.29;4.07;25.45;0.27;4.37
ip-10-234-134-85.us-west-1.compute.internal;60;1440722737;xvdd;159.77;0.00;40817.08;255.48;5.16;32.31;0.28;4.49
ip-10-234-134-85.us-west-1.compute.internal;60;1440722737;xvde;159.85;0.00;40841.48;255.50;4.41;27.60;0.28;4.40
ip-10-234-134-85.us-west-1.compute.internal;60;1440722737;md0;638.80;0.00;163342.05;255.70;0.00;0.00;0.00;0.00
ip-10-234-134-85.us-west-1.compute.internal;60;1440722797;xvda;0.33;0.00;9.20;27.60;0.00;1.05;0.30;0.01
ip-10-234-134-85.us-west-1.compute.internal;60;1440722797;xvdb;122.52;0.00;31300.80;255.48;4.02;32.77;0.27;3.36
ip-10-234-134-85.us-west-1.compute.internal;60;1440722797;xvdc;122.80;0.00;31353.35;255.32;3.68;29.97;0.27;3.35
ip-10-234-134-85.us-west-1.compute.internal;60;1440722797;xvdd;122.87;0.00;31332.03;255.01;3.87;31.50;0.27;3.36
ip-10-234-134-85.us-west-1.compute.internal;60;1440722797;xvde;122.65;0.00;31309.22;255.27;3.93;32.04;0.27;3.36
ip-10-234-134-85.us-west-1.compute.internal;60;1440722797;md0;490.17;0.00;125295.40;255.62;0.00;0.00;0.00;0.00
ip-10-234-134-85.us-west-1.compute.internal;60;1440722857;xvda;0.33;0.00;9.38;28.15;0.00;0.85;0.25;0.01
ip-10-234-134-85.us-west-1.compute.internal;60;1440722857;xvdb;204.42;18481.87;32802.93;250.88;4.21;20.60;0.32;6.62
ip-10-234-134-85.us-west-1.compute.internal;60;1440722857;xvdc;204.42;18484.53;32895.73;251.35;4.01;19.60;0.32;6.45
ip-10-234-134-85.us-west-1.compute.internal;60;1440722857;xvdd;203.97;18427.73;32823.07;251.27;4.01;19.67;0.31;6.37
ip-10-234-134-85.us-west-1.compute.internal;60;1440722857;xvde;220.48;18437.87;32841.20;232.58;4.28;19.43;0.30;6.55
ip-10-234-134-85.us-west-1.compute.internal;60;1440722857;md0;832.55;73832.00;131362.93;246.47;0.00;0.00;0.00;0.00
ip-10-234-134-85.us-west-1.compute.internal;60;1440722917;xvda;0.68;0.27;12.32;18.41;0.00;1.39;0.17;0.01
ip-10-234-134-85.us-west-1.compute.internal;60;1440722917;xvdb;405.37;0.00;103585.62;255.54;14.39;35.49;0.27;11.12
ip-10-234-134-85.us-west-1.compute.internal;60;1440722917;xvdc;404.93;0.00;103530.42;255.67;13.62;33.63;0.27;11.07
ip-10-234-134-85.us-west-1.compute.internal;60;1440722917;xvdd;405.08;0.00;103578.43;255.70;13.91;34.33;0.27;11.07
ip-10-234-134-85.us-west-1.compute.internal;60;1440722917;xvde;405.18;0.00;103571.88;255.62;14.54;35.88;0.27;11.12
ip-10-234-134-85.us-west-1.compute.internal;60;1440722917;md0;1619.25;0.00;414266.35;255.84;0.00;0.00;0.00;0.00
ip-10-234-134-85.us-west-1.compute.internal;60;1440722977;xvda;0.55;0.00;11.40;20.73;0.00;0.91;0.18;0.01
ip-10-234-134-85.us-west-1.compute.internal;60;1440722977;xvdb;126.55;10445.07;21670.15;253.77;2.70;21.36;0.31;3.97
ip-10-234-134-85.us-west-1.compute.internal;60;1440722977;xvdc;136.13;10424.53;21700.02;235.98;2.55;18.73;0.29;3.98
ip-10-234-134-85.us-west-1.compute.internal;60;1440722977;xvdd;127.85;10461.87;21675.23;251.37;2.59;20.23;0.32;4.03
ip-10-234-134-85.us-west-1.compute.internal;60;1440722977;xvde;127.90;10444.80;21688.70;251.24;2.73;21.35;0.32;4.04
ip-10-234-134-85.us-west-1.compute.internal;60;1440722977;md0;517.80;41776.27;86734.10;248.19;0.00;0.00;0.00;0.00
ip-10-234-134-85.us-west-1.compute.internal;60;1440723037;xvda;3.32;94.27;12.15;32.09;0.00;0.73;0.39;0.13
ip-10-234-134-85.us-west-1.compute.internal;60;1440723037;xvdb;748.00;53335.07;131425.60;247.01;18.59;24.80;0.31;22.90
ip-10-234-134-85.us-west-1.compute.internal;60;1440723037;xvdc;743.85;53302.27;131469.60;248.40;17.33;23.25;0.31;22.76
ip-10-234-134-85.us-west-1.compute.internal;60;1440723037;xvdd;740.80;53349.20;131413.88;249.41;17.92;24.14;0.31;22.74
ip-10-234-134-85.us-west-1.compute.internal;60;1440723037;xvde;736.10;53438.00;131320.68;251.00;18.24;24.72;0.31;22.82
ip-10-234-134-85.us-west-1.compute.internal;60;1440723037;md0;2979.50;213424.53;527950.83;248.83;0.00;0.00;0.00;0.00
ip-10-234-134-85.us-west-1.compute.internal;60;1440723097;xvda;1.62;25.73;11.52;23.04;0.00;1.19;0.15;0.03
ip-10-234-134-85.us-west-1.compute.internal;60;1440723097;xvdb;744.72;106300.00;71865.48;239.24;10.09;13.61;0.33;24.79
ip-10-234-134-85.us-west-1.compute.internal;60;1440723097;xvdc;760.55;106320.80;71815.22;234.22;11.09;14.63;0.33;25.42
ip-10-234-134-85.us-west-1.compute.internal;60;1440723097;xvdd;765.62;106382.93;71831.35;232.77;10.36;13.58;0.32;24.59
ip-10-234-134-85.us-west-1.compute.internal;60;1440723097;xvde;744.58;106297.07;71936.43;239.37;11.60;15.64;0.34;25.52
ip-10-234-134-85.us-west-1.compute.internal;60;1440723097;md0;3009.02;425300.80;285127.42;236.10;0.00;0.00;0.00;0.00
ip-10-234-134-85.us-west-1.compute.internal;60;1440723157;xvda;0.33;0.00;9.62;28.85;0.00;0.65;0.15;0.01
ip-10-234-134-85.us-west-1.compute.internal;60;1440723157;xvdb;416.45;8866.13;95421.63;250.42;13.01;31.24;0.28;11.84
ip-10-234-134-85.us-west-1.compute.internal;60;1440723157;xvdc;411.00;8847.20;95407.88;253.66;12.74;31.00;0.29;11.81
ip-10-234-134-85.us-west-1.compute.internal;60;1440723157;xvdd;409.77;8825.33;95390.30;254.33;13.01;31.76;0.29;11.79
ip-10-234-134-85.us-west-1.compute.internal;60;1440723157;xvde;409.77;8837.33;95403.88;254.39;13.22;32.26;0.29;11.82
ip-10-234-134-85.us-west-1.compute.internal;60;1440723157;md0;1645.77;35376.00;381623.70;253.38;0.00;0.00;0.00;0.00
ip-10-234-134-85.us-west-1.compute.internal;60;1440723217;xvda;0.80;0.00;13.13;16.42;0.00;1.04;0.15;0.01
ip-10-234-134-85.us-west-1.compute.internal;60;1440723217;xvdb;11.30;0.00;2833.07;250.71;0.30;26.51;0.28;0.32
ip-10-234-134-85.us-west-1.compute.internal;60;1440723217;xvdc;11.50;0.00;2846.93;247.56;0.27;23.75;0.27;0.31
ip-10-234-134-85.us-west-1.compute.internal;60;1440723217;xvdd;11.33;0.00;2841.07;250.68;0.29;25.19;0.29;0.33
ip-10-234-134-85.us-west-1.compute.internal;60;1440723217;xvde;11.42;0.00;2835.08;248.33;0.30;25.93;0.29;0.33
ip-10-234-134-85.us-west-1.compute.internal;60;1440723217;md0;44.72;0.00;11356.15;253.96;0.00;0.00;0.00;0.00
ip-10-234-134-85.us-west-1.compute.internal;60;1440723277;xvda;0.42;0.00;9.60;23.04;0.00;0.72;0.16;0.01
ip-10-234-134-85.us-west-1.compute.internal;60;1440723277;xvdb;12.82;1.20;3191.73;249.12;0.33;25.80;0.30;0.39
ip-10-234-134-85.us-west-1.compute.internal;60;1440723277;xvdc;12.80;1.47;3176.53;248.28;0.30;23.33;0.28;0.35
ip-10-234-134-85.us-west-1.compute.internal;60;1440723277;xvdd;13.05;3.73;3186.42;244.46;0.31;24.05;0.29;0.38
ip-10-234-134-85.us-west-1.compute.internal;60;1440723277;xvde;12.87;0.67;3176.45;246.93;0.32;25.03;0.30;0.38
ip-10-234-134-85.us-west-1.compute.internal;60;1440723277;md0;50.75;7.07;12731.13;251.00;0.00;0.00;0.00;0.00
ip-10-234-134-85.us-west-1.compute.internal;60;1440723337;xvda;0.32;0.00;9.05;28.58;0.00;0.53;0.21;0.01
ip-10-234-134-85.us-west-1.compute.internal;60;1440723337;xvdb;16.53;0.93;4147.47;250.91;0.41;24.86;0.29;0.47
ip-10-234-134-85.us-west-1.compute.internal;60;1440723337;xvdc;16.58;1.20;4143.47;249.93;0.39;23.70;0.29;0.47
ip-10-234-134-85.us-west-1.compute.internal;60;1440723337;xvdd;16.62;0.40;4152.82;249.94;0.39;23.53;0.28;0.47
ip-10-234-134-85.us-west-1.compute.internal;60;1440723337;xvde;16.82;0.67;4160.68;247.45;0.40;24.05;0.28;0.47
ip-10-234-134-85.us-west-1.compute.internal;60;1440723337;md0;65.58;3.20;16604.43;253.23;0.00;0.00;0.00;0.00
ip-10-234-134-85.us-west-1.compute.internal;60;1440723397;xvda;0.32;0.00;8.62;27.21;0.00;0.63;0.21;0.01
ip-10-234-134-85.us-west-1.compute.internal;60;1440723397;xvdb;12.10;0.00;2980.53;246.33;0.30;24.82;0.28;0.34
ip-10-234-134-85.us-west-1.compute.internal;60;1440723397;xvdc;11.93;0.00;2974.67;249.27;0.29;24.33;0.28;0.33
ip-10-234-134-85.us-west-1.compute.internal;60;1440723397;xvdd;11.92;0.00;2970.00;249.23;0.28;23.62;0.27;0.33
ip-10-234-134-85.us-west-1.compute.internal;60;1440723397;xvde;12.08;0.00;2976.40;246.32;0.29;24.11;0.27;0.33
ip-10-234-134-85.us-west-1.compute.internal;60;1440723397;md0;47.00;0.00;11901.60;253.23;0.00;0.00;0.00;0.00
ip-10-234-134-85.us-west-1.compute.internal;60;1440723457;xvda;0.30;0.00;9.02;30.06;0.00;0.67;0.22;0.01
ip-10-234-134-85.us-west-1.compute.internal;60;1440723457;xvdb;12.05;0.00;3010.40;249.83;0.32;26.90;0.30;0.36
ip-10-234-134-85.us-west-1.compute.internal;60;1440723457;xvdc;12.08;0.00;3010.67;249.16;0.30;24.87;0.30;0.36
ip-10-234-134-85.us-west-1.compute.internal;60;1440723457;xvdd;11.97;0.00;3004.00;251.03;0.31;26.23;0.30;0.36
ip-10-234-134-85.us-west-1.compute.internal;60;1440723457;xvde;12.10;0.00;2999.12;247.86;0.32;26.12;0.30;0.36
ip-10-234-134-85.us-west-1.compute.internal;60;1440723457;md0;47.55;0.00;12024.18;252.87;0.00;0.00;0.00;0.00
ip-10-234-134-85.us-west-1.compute.internal;60;1440723517;xvda;0.65;0.00;12.03;18.51;0.00;0.85;0.15;0.01
ip-10-234-134-85.us-west-1.compute.internal;60;1440723517;xvdb;12.10;0.00;3045.87;251.72;0.31;25.86;0.29;0.35
ip-10-234-134-85.us-west-1.compute.internal;60;1440723517;xvdc;12.23;0.00;3048.53;249.20;0.27;22.27;0.28;0.34
ip-10-234-134-85.us-west-1.compute.internal;60;1440723517;xvdd;12.12;0.00;3040.00;250.89;0.28;23.24;0.28;0.34
ip-10-234-134-85.us-west-1.compute.internal;60;1440723517;xvde;12.22;0.00;3047.08;249.42;0.29;24.07;0.28;0.34
ip-10-234-134-85.us-west-1.compute.internal;60;1440723517;md0;47.93;0.00;12181.48;254.13;0.00;0.00;0.00;0.00
ip-10-234-134-85.us-west-1.compute.internal;60;1440723577;xvda;0.42;0.00;9.48;22.76;0.00;0.80;0.20;0.01
ip-10-234-134-85.us-west-1.compute.internal;60;1440723577;xvdb;6.60;0.00;1630.67;247.07;0.17;25.31;0.29;0.19
ip-10-234-134-85.us-west-1.compute.internal;60;1440723577;xvdc;6.67;0.00;1655.47;248.32;0.16;23.37;0.27;0.18
ip-10-234-134-85.us-west-1.compute.internal;60;1440723577;xvdd;6.80;0.00;1651.20;242.82;0.16;23.41;0.28;0.19
ip-10-234-134-85.us-west-1.compute.internal;60;1440723577;xvde;6.63;0.00;1622.28;244.57;0.16;24.57;0.27;0.18
ip-10-234-134-85.us-west-1.compute.internal;60;1440723577;md0;25.92;0.00;6559.62;253.10;0.00;0.00;0.00;0.00
ip-10-234-134-85.us-west-1.compute.internal;60;1440723637;xvda;0.47;0.00;10.25;21.96;0.00;0.32;0.18;0.01
ip-10-234-134-85.us-west-1.compute.internal;60;1440723637;xvdb;14.12;87.47;3260.00;237.13;0.34;24.34;0.27;0.38
ip-10-234-134-85.us-west-1.compute.internal;60;1440723637;xvdc;14.23;91.20;3259.73;235.43;0.31;22.02;0.26;0.37
ip-10-234-134-85.us-west-1.compute.internal;60;1440723637;xvdd;13.83;74.40;3245.08;239.96;0.32;23.13;0.27;0.38
ip-10-234-134-85.us-west-1.compute.internal;60;1440723637;xvde;14.43;71.87;3254.28;230.45;0.33;22.95;0.26;0.38
ip-10-234-134-85.us-west-1.compute.internal;60;1440723637;md0;55.87;324.93;13019.10;238.86;0.00;0.00;0.00;0.00
ip-10-234-134-85.us-west-1.compute.internal;60;1440723697;xvda;0.77;20.13;11.03;40.65;0.00;0.91;0.41;0.03
ip-10-234-134-85.us-west-1.compute.internal;60;1440723697;xvdb;13.97;15.20;3130.67;225.24;0.34;24.11;0.26;0.36
ip-10-234-134-85.us-west-1.compute.internal;60;1440723697;xvdc;13.65;13.73;3123.20;229.81;0.31;22.76;0.26;0.35
ip-10-234-134-85.us-west-1.compute.internal;60;1440723697;xvdd;13.87;17.20;3140.27;227.70;0.33;23.46;0.26;0.36
ip-10-234-134-85.us-west-1.compute.internal;60;1440723697;xvde;14.00;17.33;3138.82;225.44;0.35;24.87;0.27;0.38
ip-10-234-134-85.us-west-1.compute.internal;60;1440723697;md0;54.67;63.47;12532.95;230.42;0.00;0.00;0.00;0.00
ip-10-234-134-85.us-west-1.compute.internal;60;1440723757;xvda;0.52;0.00;10.95;21.19;0.00;0.94;0.19;0.01
ip-10-234-134-85.us-west-1.compute.internal;60;1440723757;xvdb;13.37;6.53;3183.20;238.63;0.34;25.24;0.27;0.36
ip-10-234-134-85.us-west-1.compute.internal;60;1440723757;xvdc;13.20;7.07;3164.80;240.29;0.31;23.63;0.27;0.35
ip-10-234-134-85.us-west-1.compute.internal;60;1440723757;xvdd;13.78;17.20;3174.40;231.56;0.33;23.95;0.26;0.36
ip-10-234-134-85.us-west-1.compute.internal;60;1440723757;xvde;13.55;14.00;3168.17;234.85;0.36;26.73;0.28;0.38
ip-10-234-134-85.us-west-1.compute.internal;60;1440723757;md0;52.95;44.80;12690.57;240.52;0.00;0.00;0.00;0.00
ip-10-234-134-85.us-west-1.compute.internal;60;1440723817;xvda;0.73;0.00;12.85;17.52;0.00;1.82;0.18;0.01
ip-10-234-134-85.us-west-1.compute.internal;60;1440723817;xvdb;12.75;0.00;3207.20;251.55;0.32;25.15;0.28;0.36
ip-10-234-134-85.us-west-1.compute.internal;60;1440723817;xvdc;12.90;0.27;3218.13;249.49;0.29;22.70;0.28;0.36
ip-10-234-134-85.us-west-1.compute.internal;60;1440723817;xvdd;12.78;0.00;3211.73;251.24;0.30;23.45;0.28;0.35
ip-10-234-134-85.us-west-1.compute.internal;60;1440723817;xvde;12.83;0.00;3209.48;250.09;0.33;25.47;0.28;0.36
ip-10-234-134-85.us-west-1.compute.internal;60;1440723817;md0;50.52;0.27;12846.55;254.31;0.00;0.00;0.00;0.00
ip-10-234-134-85.us-west-1.compute.internal;60;1440723877;xvda;0.57;0.00;11.07;19.53;0.00;0.71;0.18;0.01
ip-10-234-134-85.us-west-1.compute.internal;60;1440723877;xvdb;12.93;0.00;3245.07;250.91;0.32;25.08;0.28;0.36
ip-10-234-134-85.us-west-1.compute.internal;60;1440723877;xvdc;12.95;0.00;3259.73;251.72;0.30;23.25;0.28;0.36
ip-10-234-134-85.us-west-1.compute.internal;60;1440723877;xvdd;13.18;0.00;3273.60;248.31;0.31;23.53;0.28;0.36
ip-10-234-134-85.us-west-1.compute.internal;60;1440723877;xvde;12.98;0.00;3244.95;249.93;0.33;25.28;0.28;0.37
ip-10-234-134-85.us-west-1.compute.internal;60;1440723877;md0;51.22;0.00;13023.35;254.28;0.00;0.00;0.00;0.00
ip-10-234-134-85.us-west-1.compute.internal;60;1440723937;xvda;0.38;0.00;9.62;25.09;0.00;0.65;0.17;0.01
ip-10-234-134-85.us-west-1.compute.internal;60;1440723937;xvdb;13.10;0.00;3294.40;251.48;0.36;27.63;0.28;0.36
ip-10-234-134-85.us-west-1.compute.internal;60;1440723937;xvdc;13.07;0.00;3293.87;252.08;0.33;25.52;0.27;0.36
ip-10-234-134-85.us-west-1.compute.internal;60;1440723937;xvdd;13.05;0.00;3277.62;251.16;0.35;26.46;0.27;0.36
ip-10-234-134-85.us-west-1.compute.internal;60;1440723937;xvde;13.47;0.00;3323.63;246.80;0.38;28.59;0.28;0.38
ip-10-234-134-85.us-west-1.compute.internal;60;1440723937;md0;51.95;0.00;13189.52;253.89;0.00;0.00;0.00;0.00
ip-10-234-134-85.us-west-1.compute.internal;60;1440723997;xvda;0.35;0.00;9.10;26.00;0.00;0.48;0.14;0.01
ip-10-234-134-85.us-west-1.compute.internal;60;1440723997;xvdb;13.33;0.00;3336.53;250.24;0.32;23.85;0.27;0.37
ip-10-234-134-85.us-west-1.compute.internal;60;1440723997;xvdc;13.18;0.00;3318.13;251.69;0.29;22.14;0.27;0.36
ip-10-234-134-85.us-west-1.compute.internal;60;1440723997;xvdd;13.22;0.00;3327.47;251.76;0.31;23.33;0.27;0.36
ip-10-234-134-85.us-west-1.compute.internal;60;1440723997;xvde;13.35;0.00;3333.22;249.68;0.34;25.58;0.28;0.38
ip-10-234-134-85.us-west-1.compute.internal;60;1440723997;md0;52.35;0.00;13315.35;254.35;0.00;0.00;0.00;0.00
ip-10-234-134-85.us-west-1.compute.internal;60;1440724057;xvda;0.32;0.00;9.25;29.21;0.00;0.47;0.16;0.01
ip-10-234-134-85.us-west-1.compute.internal;60;1440724057;xvdb;14.35;0.00;3592.80;250.37;0.40;27.67;0.28;0.40
ip-10-234-134-85.us-west-1.compute.internal;60;1440724057;xvdc;14.27;0.00;3581.07;251.01;0.38;26.36;0.27;0.39
ip-10-234-134-85.us-west-1.compute.internal;60;1440724057;xvdd;14.20;0.00;3584.00;252.39;0.39;27.23;0.27;0.39
ip-10-234-134-85.us-west-1.compute.internal;60;1440724057;xvde;14.37;0.00;3602.30;250.74;0.41;28.77;0.28;0.40
ip-10-234-134-85.us-west-1.compute.internal;60;1440724057;md0;56.47;0.00;14360.17;254.31;0.00;0.00;0.00;0.00
ip-10-234-134-85.us-west-1.compute.internal;60;1440724117;xvda;0.63;0.00;10.82;17.08;0.00;0.84;0.18;0.01
ip-10-234-134-85.us-west-1.compute.internal;60;1440724117;xvdb;14.00;0.00;3532.80;252.34;0.39;27.53;0.28;0.40
ip-10-234-134-85.us-west-1.compute.internal;60;1440724117;xvdc;14.30;0.00;3562.67;249.14;0.34;24.02;0.27;0.39
ip-10-234-134-85.us-west-1.compute.internal;60;1440724117;xvdd;14.03;0.00;3538.67;252.16;0.35;24.70;0.27;0.39
ip-10-234-134-85.us-west-1.compute.internal;60;1440724117;xvde;14.12;0.00;3534.03;250.34;0.37;26.54;0.28;0.40
ip-10-234-134-85.us-west-1.compute.internal;60;1440724117;md0;55.72;0.00;14168.17;254.29;0.00;0.00;0.00;0.00
ip-10-234-134-85.us-west-1.compute.internal;60;1440724177;xvda;0.55;0.00;10.77;19.58;0.00;0.67;0.15;0.01
ip-10-234-134-85.us-west-1.compute.internal;60;1440724177;xvdb;20.20;0.00;5120.00;253.47;0.57;28.04;0.28;0.56
ip-10-234-134-85.us-west-1.compute.internal;60;1440724177;xvdc;20.22;0.00;5120.00;253.26;0.52;25.87;0.27;0.55
ip-10-234-134-85.us-west-1.compute.internal;60;1440724177;xvdd;20.48;0.00;5144.00;251.13;0.54;26.50;0.27;0.56
ip-10-234-134-85.us-west-1.compute.internal;60;1440724177;xvde;20.38;0.00;5123.08;251.34;0.56;27.67;0.27;0.56
ip-10-234-134-85.us-west-1.compute.internal;60;1440724177;md0;80.57;0.00;20507.08;254.54;0.00;0.00;0.00;0.00
ip-10-234-134-85.us-west-1.compute.internal;60;1440724237;xvda;0.45;0.00;10.38;23.07;0.00;0.63;0.22;0.01
ip-10-234-134-85.us-west-1.compute.internal;60;1440724237;xvdb;13.90;0.00;3481.33;250.46;0.37;26.38;0.28;0.39
ip-10-234-134-85.us-west-1.compute.internal;60;1440724237;xvdc;13.72;0.00;3447.47;251.33;0.34;24.89;0.27;0.37
ip-10-234-134-85.us-west-1.compute.internal;60;1440724237;xvdd;13.77;0.00;3451.73;250.73;0.35;25.50;0.27;0.38
ip-10-234-134-85.us-west-1.compute.internal;60;1440724237;xvde;14.07;0.00;3476.98;247.18;0.37;26.46;0.29;0.40
ip-10-234-134-85.us-west-1.compute.internal;60;1440724237;md0;54.67;0.00;13857.52;253.49;0.00;0.00;0.00;0.00
ip-10-234-134-85.us-west-1.compute.internal;60;1440724297;xvda;0.37;0.00;9.82;26.77;0.00;0.68;0.18;0.01
ip-10-234-134-85.us-west-1.compute.internal;60;1440724297;xvdb;14.78;0.00;3710.67;251.00;0.40;27.12;0.28;0.41
ip-10-234-134-85.us-west-1.compute.internal;60;1440724297;xvdc;14.75;0.00;3720.53;252.24;0.38;25.79;0.27;0.40
ip-10-234-134-85.us-west-1.compute.internal;60;1440724297;xvdd;14.77;0.00;3718.93;251.85;0.43;29.01;0.28;0.41
ip-10-234-134-85.us-west-1.compute.internal;60;1440724297;xvde;14.92;0.00;3712.70;248.90;0.40;26.57;0.27;0.40
ip-10-234-134-85.us-west-1.compute.internal;60;1440724297;md0;58.53;0.00;14862.83;253.92;0.00;0.00;0.00;0.00
ip-10-234-134-85.us-west-1.compute.internal;60;1440724357;xvda;0.27;0.00;8.63;32.38;0.00;1.19;0.31;0.01
ip-10-234-134-85.us-west-1.compute.internal;60;1440724357;xvdb;47.92;7096.53;3305.07;217.08;0.40;8.27;0.33;1.56
ip-10-234-134-85.us-west-1.compute.internal;60;1440724357;xvdc;42.80;7099.73;3279.47;242.50;0.36;8.46;0.37;1.57
ip-10-234-134-85.us-west-1.compute.internal;60;1440724357;xvdd;42.12;7100.00;3278.68;246.43;0.37;8.75;0.35;1.49
ip-10-234-134-85.us-west-1.compute.internal;60;1440724357;xvde;40.90;7099.73;3279.63;253.77;0.38;9.33;0.36;1.48
ip-10-234-134-85.us-west-1.compute.internal;60;1440724357;md0;173.08;28396.00;13142.85;239.99;0.00;0.00;0.00;0.00
ip-10-234-134-85.us-west-1.compute.internal;60;1440724417;xvda;0.55;0.00;10.85;19.73;0.00;0.88;0.15;0.01
ip-10-234-134-85.us-west-1.compute.internal;60;1440724417;xvdb;99.50;0.00;25379.78;255.07;3.38;33.94;0.27;2.73
ip-10-234-134-85.us-west-1.compute.internal;60;1440724417;xvdc;99.72;0.00;25392.80;254.65;3.27;32.78;0.27;2.72
ip-10-234-134-85.us-west-1.compute.internal;60;1440724417;xvdd;99.52;0.00;25395.75;255.19;3.28;32.99;0.27;2.72
ip-10-234-134-85.us-west-1.compute.internal;60;1440724417;xvde;99.43;0.00;25380.82;255.25;3.36;33.81;0.27;2.73
ip-10-234-134-85.us-west-1.compute.internal;60;1440724417;md0;397.52;0.00;101549.15;255.46;0.00;0.00;0.00;0.00
ip-10-234-134-85.us-west-1.compute.internal;60;1440724477;xvda;0.47;0.00;10.35;22.18;0.00;0.79;0.18;0.01
ip-10-234-134-85.us-west-1.compute.internal;60;1440724477;xvdb;106.60;7081.75;18310.05;238.20;2.44;22.86;0.30;3.17
ip-10-234-134-85.us-west-1.compute.internal;60;1440724477;xvdc;99.50;7081.49;18296.03;255.05;2.14;21.47;0.32;3.18
ip-10-234-134-85.us-west-1.compute.internal;60;1440724477;xvdd;100.38;7081.22;18320.85;253.05;2.06;20.52;0.31;3.08
ip-10-234-134-85.us-west-1.compute.internal;60;1440724477;xvde;101.47;7081.49;18308.82;250.23;2.15;21.19;0.30;3.09
ip-10-234-134-85.us-west-1.compute.internal;60;1440724477;md0;407.33;28325.95;73235.74;249.33;0.00;0.00;0.00;0.00
ip-10-234-134-85.us-west-1.compute.internal;60;1440724537;xvda;0.40;0.00;9.62;24.04;0.00;0.75;0.25;0.01
ip-10-234-134-85.us-west-1.compute.internal;60;1440724537;xvdb;97.97;6571.73;16980.85;240.41;2.50;25.53;0.30;2.98
ip-10-234-134-85.us-west-1.compute.internal;60;1440724537;xvdc;92.93;6587.73;16983.77;253.64;2.37;25.46;0.32;2.94
ip-10-234-134-85.us-west-1.compute.internal;60;1440724537;xvdd;93.73;6579.20;16988.28;251.43;2.24;23.85;0.31;2.88
ip-10-234-134-85.us-west-1.compute.internal;60;1440724537;xvde;95.42;6570.40;16987.62;246.90;2.36;24.69;0.30;2.91
ip-10-234-134-85.us-west-1.compute.internal;60;1440724537;md0;379.45;26309.07;67940.52;248.38;0.00;0.00;0.00;0.00
ip-10-234-134-85.us-west-1.compute.internal;60;1440724597;xvda;0.42;3.47;9.13;30.24;0.00;0.52;0.16;0.01
ip-10-234-134-85.us-west-1.compute.internal;60;1440724597;xvdb;121.82;129.60;30482.72;251.30;3.75;30.81;0.28;3.36
ip-10-234-134-85.us-west-1.compute.internal;60;1440724597;xvdc;122.15;146.67;30550.95;251.31;3.64;29.79;0.27;3.35
ip-10-234-134-85.us-west-1.compute.internal;60;1440724597;xvdd;122.00;154.67;30515.47;251.39;3.84;31.47;0.28;3.36
ip-10-234-134-85.us-west-1.compute.internal;60;1440724597;xvde;122.30;141.47;30530.02;250.79;3.95;32.31;0.28;3.38
ip-10-234-134-85.us-west-1.compute.internal;60;1440724597;md0;487.57;572.40;122079.15;251.56;0.00;0.00;0.00;0.00
ip-10-234-134-85.us-west-1.compute.internal;60;1440724657;xvda;0.83;15.33;8.85;29.02;0.00;1.08;0.28;0.02
ip-10-234-134-85.us-west-1.compute.internal;60;1440724657;xvdb;385.92;76983.47;19107.63;248.99;2.93;7.59;0.37;14.38
ip-10-234-134-85.us-west-1.compute.internal;60;1440724657;xvdc;394.00;76949.33;19100.30;243.78;2.63;6.68;0.37;14.44
ip-10-234-134-85.us-west-1.compute.internal;60;1440724657;xvdd;401.02;76965.07;19114.70;239.59;2.85;7.12;0.36;14.56
ip-10-234-134-85.us-west-1.compute.internal;60;1440724657;xvde;393.90;76949.33;19081.90;243.80;2.76;7.00;0.37;14.43
ip-10-234-134-85.us-west-1.compute.internal;60;1440724657;md0;1579.30;307865.33;76404.53;243.32;0.00;0.00;0.00;0.00
ip-10-234-134-85.us-west-1.compute.internal;60;1440724717;xvda;0.50;0.00;10.65;21.30;0.00;0.90;0.23;0.01
ip-10-234-134-85.us-west-1.compute.internal;60;1440724717;xvdb;2144.07;210647.07;302958.58;239.55;49.38;23.03;0.32;69.65
ip-10-234-134-85.us-west-1.compute.internal;60;1440724717;xvdc;2127.37;211066.80;302748.67;241.53;38.34;18.00;0.32;67.62
ip-10-234-134-85.us-west-1.compute.internal;60;1440724717;xvdd;2086.50;210717.87;302976.80;246.20;39.34;18.85;0.32;67.11
ip-10-234-134-85.us-west-1.compute.internal;60;1440724717;xvde;2103.82;210706.67;302965.73;244.16;38.31;18.21;0.32;67.02
ip-10-234-134-85.us-west-1.compute.internal;60;1440724717;md0;8466.80;843120.27;1213150.32;242.86;0.00;0.00;0.00;0.00
ip-10-234-134-85.us-west-1.compute.internal;60;1440724777;xvda;0.47;0.00;10.83;23.21;0.00;0.79;0.18;0.01
ip-10-234-134-85.us-west-1.compute.internal;60;1440724777;xvdb;1516.40;51653.73;331153.77;252.44;37.93;25.02;0.29;43.98
ip-10-234-134-85.us-west-1.compute.internal;60;1440724777;xvdc;1518.95;51737.20;331384.80;252.23;40.66;26.80;0.29;43.94
ip-10-234-134-85.us-west-1.compute.internal;60;1440724777;xvdd;1509.28;51751.07;331139.33;253.69;41.69;27.63;0.30;44.55
ip-10-234-134-85.us-west-1.compute.internal;60;1440724777;xvde;1509.00;51679.33;331128.13;253.68;37.82;25.07;0.29;43.69
ip-10-234-134-85.us-west-1.compute.internal;60;1440724777;md0;6038.22;206876.80;1323305.50;253.42;0.00;0.00;0.00;0.00
ip-10-234-134-85.us-west-1.compute.internal;60;1440724837;xvda;1.18;27.07;10.08;31.39;0.00;1.24;0.25;0.03
ip-10-234-134-85.us-west-1.compute.internal;60;1440724837;xvdb;2971.92;627058.53;81187.48;238.31;10.53;3.54;0.31;92.88
ip-10-234-134-85.us-west-1.compute.internal;60;1440724837;xvdc;2985.83;627109.87;81177.07;237.22;10.55;3.54;0.31;92.88
ip-10-234-134-85.us-west-1.compute.internal;60;1440724837;xvdd;2989.98;627121.20;81169.07;236.89;21.70;7.26;0.32;95.35
ip-10-234-134-85.us-west-1.compute.internal;60;1440724837;xvde;2936.58;627091.47;81200.67;241.20;11.11;3.78;0.32;93.04
ip-10-234-134-85.us-west-1.compute.internal;60;1440724837;md0;11892.62;2508402.40;324734.28;238.23;0.00;0.00;0.00;0.00
ip-10-234-134-85.us-west-1.compute.internal;60;1440724897;xvda;1.22;37.47;10.68;39.58;0.00;0.92;0.23;0.03
ip-10-234-134-85.us-west-1.compute.internal;60;1440724897;xvdb;1465.08;242456.80;10.67;165.50;1.58;1.08;0.29;41.77
ip-10-234-134-85.us-west-1.compute.internal;60;1440724897;xvdc;1441.92;241783.60;0.27;167.68;1.52;1.05;0.29;41.42
ip-10-234-134-85.us-west-1.compute.internal;60;1440724897;xvdd;1457.07;241383.73;0.00;165.66;1.58;1.09;0.29;42.16
ip-10-234-134-85.us-west-1.compute.internal;60;1440724897;xvde;1459.45;241801.73;1.20;165.68;1.57;1.07;0.28;41.47
ip-10-234-134-85.us-west-1.compute.internal;60;1440724897;md0;5836.85;967349.33;12.13;165.73;0.00;0.00;0.00;0.00
